Datetime,Open,High,Low,Close,Volume,Dividends,Stock Splits,SMA_20,SMA_50,SMA_200,EMA_12,EMA_26,RSI,MACD,MACD_Signal,MACD_Hist,BB_Middle,BB_Upper,BB_Lower,ATR
2026-03-04 00:00:00+00:00,68317.765625,68397.90625,67934.5078125,68185.59375,0,0.0,0.0,,,,68185.59375,68185.59375,,0.0,0.0,0.0,,,,
2026-03-04 01:00:00+00:00,68120.4921875,68881.15625,68003.03125,68423.7578125,1048698880,0.0,0.0,,,,68222.234375,68203.23553240742,,18.99884259258397,3.799768518516794,15.199074074067175,,,,
2026-03-04 02:00:00+00:00,68417.7890625,68417.7890625,68030.9375,68309.296875,0,0.0,0.0,,,,68235.62860576923,68211.09192815502,,24.536677614218206,7.947150337657078,16.589527276561128,,,,
2026-03-04 03:00:00+00:00,68316.03125,68326.6796875,67449.2734375,67669.0625,1025560576,0.0,0.0,,,,68148.46458949705,68170.94160014353,,-22.477010646485724,1.8623181408285179,-24.33932878731424,,,,
2026-03-04 04:00:00+00:00,67778.3828125,67911.5859375,67496.234375,67811.9609375,419692544,0.0,0.0,,,,68096.6947968821,68144.35043994771,,-47.655643065605545,-8.041274100458295,-39.61436896514725,,,,
2026-03-04 05:00:00+00:00,67813.625,68357.0546875,67732.5234375,68270.9296875,0,0.0,0.0,,,,68123.50016466947,68153.72668050714,,-30.226515837668558,-12.478322447900348,-17.74819338976821,,,,
2026-03-04 06:00:00+00:00,68209.109375,68650.125,68099.5859375,68486.2421875,1144762368,0.0,0.0,,,,68179.30662972032,68178.3574588029,,0.9491709174180869,-9.792823774836663,10.74199469225475,,,,
2026-03-04 07:00:00+00:00,68513.90625,69556.46875,68390.5390625,69556.46875,831889408,0.0,0.0,,,,68391.17772514797,68280.43977666934,,110.73794847862155,14.31333067585498,96.42461780276656,,,,
2026-03-04 08:00:00+00:00,69513.703125,71028.4296875,69193.3671875,71028.4296875,2991038464,0.0,0.0,,,,68796.90879627905,68483.99458487902,,312.91421140002785,74.03350682068955,238.8807045793383,,,,
2026-03-04 09:00:00+00:00,71002.8828125,71856.53125,70788.203125,71472.7109375,3960590336,0.0,0.0,,,,69208.5706641592,68705.38098136947,,503.189682789729,159.86474201449744,343.32494077523154,,,,
2026-03-04 10:00:00+00:00,71472.7109375,71812.625,71219.5390625,71260.1640625,1820475392,0.0,0.0,,,,69524.2004177501,68894.62417256432,,629.5762451857736,253.80704264875268,375.7692025370209,,,,
2026-03-04 11:00:00+00:00,71297.5859375,71439.3125,70952.9375,71131.1171875,431890432,0.0,0.0,,,,69771.418382327,69060.29032181881,,711.1280605081847,345.2712462206391,365.8568142875456,,,,
2026-03-04 12:00:00+00:00,71115.9140625,71339.9921875,70634.0859375,71339.9921875,678121472,0.0,0.0,,,,70012.73742927669,69229.15712668409,,783.5803025925998,432.9330574950313,350.6472450975685,,,,
2026-03-04 13:00:00+00:00,71340.7265625,71594.09375,71247.890625,71486.8828125,1226080256,0.0,0.0,,,,70239.52902669566,69396.39606637416,80.04522087839423,843.1329603214981,514.9730380603247,328.1599222611734,,,,743.0758928571429
2026-03-04 14:00:00+00:00,71488.296875,72458.796875,71370.5390625,71628.4609375,2497908736,0.0,0.0,,,,70453.2108591271,69561.73420497608,80.54654065991346,891.476654151018,590.2737612784634,301.20289287255457,,,,787.7087053571429
2026-03-04 15:00:00+00:00,71604.0390625,73245.125,71604.0390625,73245.125,2881396736,0.0,0.0,,,,70882.73611156909,69834.57796757044,84.36986583647533,1048.1581439986476,681.8506378225003,366.3075061761473,,,,842.2059151785714
2026-03-04 16:00:00+00:00,73404.96875,73417.75,72606.3125,73410.8125,424943616,0.0,0.0,,,,71271.67094055846,70099.48422923188,86.10326624219599,1172.1867113265762,779.9178525233154,392.26885880326074,,,,872.1071428571429
2026-03-04 17:00:00+00:00,73324.921875,73764.4453125,72999.3125,73251.6796875,1400963072,0.0,0.0,,,,71576.28767085716,70332.98018910359,92.3948782632324,1243.3074817535671,872.5957783693659,370.7117033842012,,,,864.0876116071429
2026-03-04 18:00:00+00:00,73243.8515625,73695.265625,73004.0,73596.3359375,400482304,0.0,0.0,,,,71887.06432726375,70574.71024454036,92.62099550303597,1312.3540827233955,960.5474392401719,351.80664348322364,,,,883.7957589285714
2026-03-04 19:00:00+00:00,73645.7421875,74041.8125,73568.6953125,73717.9375,2276098048,0.0,0.0,70664.148046875,,,72168.73712306932,70807.54189309292,92.23494462704885,1361.1952299764089,1040.6769973874193,320.5182325889896,70664.148046875,74962.46460914289,66365.8314846071,872.98046875
2026-03-04 20:00:00+00:00,73669.5703125,73674.078125,73156.828125,73156.828125,131170304,0.0,0.0,70912.709765625,,,72320.75112336635,70981.56309545641,84.3715683625304,1339.1880279099423,1100.379203491924,238.80882441801828,70912.709765625,75182.39011946219,66643.02941178781,873.7354910714286
2026-03-04 21:00:00+00:00,73110.6328125,73330.890625,72915.9296875,73318.4609375,1153753088,0.0,0.0,71157.444921875,,,72474.24494092537,71154.66663931149,81.95894420367286,1319.5783016138885,1144.219023116317,175.3592784975715,71157.444921875,75387.36740419692,66927.52243955307,820.0948660714286
2026-03-04 22:00:00+00:00,73334.5234375,73524.5,72665.984375,72755.4453125,196395008,0.0,0.0,71379.75234375,,,72517.50653655225,71273.24283732545,67.35094659508336,1244.2636992267944,1164.2279583384125,80.03574088838195,71379.75234375,75443.49203018493,67316.01265731508,750.3415178571429
2026-03-04 23:00:00+00:00,72710.6875,72829.3203125,72336.9921875,72670.125,1046552576,0.0,0.0,71629.80546875,,,72540.9863001596,71376.71559011616,62.965319004589965,1164.2707100434345,1164.2365086794168,0.03420136401769014,71629.80546875,75331.48978822,67928.12114927999,709.1986607142857
2026-03-05 00:00:00+00:00,72729.2734375,72990.6015625,72574.9609375,72822.90625,0,0.0,0.0,71880.352734375,,,72584.35860013505,71483.84082418164,67.142879180286,1100.5177759534126,1151.492762134216,-50.9749861808034,71880.352734375,75146.7298121649,68613.97565658511,696.5239955357143
2026-03-05 01:00:00+00:00,72815.109375,73261.5859375,72462.2578125,72492.8828125,162013184,0.0,0.0,72091.450390625,,,72570.28540203735,71558.58467516818,64.307360444424,1011.7007268691668,1123.5343550812063,-111.83362821203946,72091.450390625,74887.49290305644,69295.40787819357,718.8777901785714
2026-03-05 02:00:00+00:00,72530.8984375,72858.359375,72368.5546875,72449.1015625,150396928,0.0,0.0,72289.593359375,,,72551.64173441622,71624.54888904461,62.07161029631846,927.0928453716042,1084.246053139286,-157.1532077676818,72289.593359375,74512.91381005,70066.27290869999,703.4419642857143
2026-03-05 03:00:00+00:00,72510.953125,72735.3046875,72373.5625,72513.1328125,0,0.0,0.0,72437.4265625,,,72545.71728489065,71690.36992041167,61.3749328899742,855.3473644789774,1038.4663154072243,-183.11895092824693,72437.4265625,74250.99456729979,70623.85855770021,704.5518973214286
2026-03-05 04:00:00+00:00,72502.0625,73056.2578125,72478.2578125,72823.25,0,0.0,0.0,72527.167578125,,,72588.4146256767,71774.28696334414,62.76605513011221,814.1276623325539,993.5985847922904,-179.47092245973647,72527.167578125,74220.83416102268,70833.50099522731,668.1049107142857
2026-03-05 05:00:00+00:00,72847.9296875,72887.84375,72287.265625,72287.265625,578125824,0.0,0.0,72567.8953125,,,72542.08401018797,71812.28538272606,36.69223889409884,729.7986274619179,940.8385933262159,-211.03996586429798,72567.8953125,74192.56726447736,70943.22336052264,593.7829241071429
2026-03-05 06:00:00+00:00,72412.0390625,72642.375,72066.6953125,72560.7109375,252207104,0.0,0.0,72632.92265625,,,72544.9496913129,71867.72431270931,38.532697929598335,677.2253786035872,888.1159503816903,-210.8905717781031,72632.92265625,74136.82806369933,71129.01724880066,576.9430803571429
2026-03-05 07:00:00+00:00,72560.75,72660.1171875,71833.234375,71994.4453125,0,0.0,0.0,72676.0890625,,,72460.25670995707,71877.11105343455,34.71917836835928,583.1456565225235,827.1218916098569,-243.9762350873334,72676.0890625,74041.69603254988,71310.48209245013,581.3537946428571
2026-03-05 08:00:00+00:00,72075.7265625,72374.171875,71794.0078125,72374.171875,0,0.0,0.0,72727.798046875,,,72447.01288919445,71913.93037355051,35.271000337067434,533.0825156439387,768.3140164166733,-235.23150077273465,72727.798046875,73951.31447452829,71504.28161922171,573.41796875
2026-03-05 09:00:00+00:00,72350.8984375,72844.15625,72350.8984375,72599.0,0,0.0,0.0,72783.40390625,,,72470.39552162608,71964.67627180603,36.84241471050813,505.71924982004566,715.7950630973479,-210.07581327730225,72783.40390625,73861.95968696507,71704.84812553492,574.8565848214286
2026-03-05 10:00:00+00:00,72595.625,73527.2890625,72585.34375,73390.0703125,0,0.0,0.0,72871.484375,,,72611.8839509913,72070.26101556115,52.60197420598606,541.6229354301468,680.9606375639078,-139.337702133761,72871.484375,73834.43813193134,71908.53061806866,602.0591517857143
2026-03-05 11:00:00+00:00,73415.9375,73433.3125,72822.6328125,72876.4453125,855916544,0.0,0.0,72853.050390625,,,72652.5856989157,72129.97837088995,45.42806995995177,522.6073280257551,649.2899756562772,-126.68264763052207,72853.050390625,73799.86785917792,71906.23292207207,616.0390625
2026-03-05 12:00:00+00:00,72928.21875,73047.9296875,72700.9609375,72960.703125,0,0.0,0.0,72830.544921875,,,72699.98837985175,72191.51353786107,52.35643699336111,508.47484199068276,621.1269489231584,-112.65210693247559,72830.544921875,73742.28835094938,71918.80149280062,579.5
2026-03-05 13:00:00+00:00,72925.5390625,72925.5390625,72278.421875,72484.328125,0,0.0,0.0,72792.17734375,,,72666.80987910533,72213.20350727877,48.0427239567559,453.606371826565,587.6228335038397,-134.01646167727472,72792.17734375,73693.82864065892,71890.52604684107,593.0680803571429
2026-03-05 14:00:00+00:00,72466.4453125,72711.2890625,72013.484375,72711.2890625,0,0.0,0.0,72747.925,,,72673.65283039682,72250.09873359145,48.842263578505175,423.5540968053683,554.8090861641455,-131.25498935877715,72747.925,73566.43944540867,71929.41055459133,613.22265625
2026-03-05 15:00:00+00:00,72677.2265625,72677.2265625,71200.6796875,71481.0078125,0,0.0,0.0,72636.078515625,,,72490.16898148961,72193.12903573284,41.15609841366953,297.03994575676916,503.25525808267025,-206.2153123259011,72636.078515625,73506.20254802541,71765.9544832246,664.0284598214286
2026-03-05 16:00:00+00:00,71642.875,71642.875,70829.8984375,71318.9765625,0,0.0,0.0,72544.1859375,,,72309.98553241428,72128.37700067856,40.32261517383114,181.60853173572104,438.92591281328043,-257.3173810775594,72544.1859375,73558.91874462718,71529.45313037283,687.1121651785714
2026-03-05 17:00:00+00:00,71329.6015625,71569.1171875,70663.078125,70837.2890625,0,0.0,0.0,72420.12734375,,,72083.41684473517,72032.74085710978,36.607512998656425,50.675987625392736,361.2759277757029,-310.59994015031015,72420.12734375,73625.13244567688,71215.12224182313,725.9905133928571
2026-03-05 18:00:00+00:00,70711.3203125,71032.828125,70711.3203125,70981.2734375,0,0.0,0.0,72331.41875,,,71913.85632054514,71954.85438158312,34.87833942844095,-40.99806103798619,280.8211300129651,-321.8191910509513,72331.41875,73684.59476342321,70978.24273657678,707.6696428571429
2026-03-05 19:00:00+00:00,70995.1015625,71337.2734375,70913.6484375,70952.4609375,0,0.0,0.0,72245.535546875,,,71765.9493385382,71880.60301535473,38.04656421364296,-114.65367681653879,201.72616864706436,-316.37984546360315,72245.535546875,73720.72970137447,70770.34139237554,695.0301339285714
2026-03-05 20:00:00+00:00,70945.5703125,71336.046875,70893.375,71259.5859375,0,0.0,0.0,72167.36953125,,,71688.04727684,71834.60175032845,38.41803666305044,-146.5544734884461,132.07004021996227,-278.62451370840836,72167.36953125,73678.97242413212,70655.76663836789,685.5295758928571
2026-03-05 21:00:00+00:00,71248.1171875,71542.8203125,71038.296875,71139.5390625,0,0.0,0.0,72099.70234375,,,71603.66139771078,71783.11562530413,41.73334703201866,-179.45422759334906,69.7651866573,-249.21941425064907,72099.70234375,73669.97756691737,70529.42712058264,662.50390625
2026-03-05 22:00:00+00:00,71139.7578125,71321.265625,71099.875,71246.0078125,0,0.0,0.0,72039.54765625,,,71548.6377692168,71743.3298613927,38.482374016369775,-194.69209217590105,16.8737308906598,-211.56582306656085,72039.54765625,73645.24298839229,70433.8523241077,636.8772321428571
2026-03-05 23:00:00+00:00,71221.84375,71273.109375,70790.78125,70790.78125,0,0.0,0.0,71953.430078125,,,71432.04445856807,71672.77070499325,32.369000789179395,-240.7262464251835,-34.646264572508855,-206.07998185267462,71953.430078125,73635.12928242736,70271.73087382266,636.0965401785714
2026-03-06 00:00:00+00:00,70878.65625,71030.078125,70853.5625,70928.421875,0,0.0,0.0,71858.688671875,,,71354.56406109605,71617.63375462338,22.492618801932466,-263.06969352732995,-80.33095036347308,-182.73874316385687,71858.688671875,73547.54187693435,70169.83546681565,585.9073660714286
2026-03-06 01:00:00+00:00,70938.90625,71265.875,70420.71875,71244.7890625,0,0.0,0.0,71806.56484375,71534.073125,,71337.67559977359,71590.01562928091,30.926409614787488,-252.34002950732247,-114.73276619224296,-137.6072633150795,71806.56484375,73504.05066947856,70109.07901802145,602.6556919642857
2026-03-06 02:00:00+00:00,71254.7265625,71357.8671875,71104.6875,71211.6015625,161177600,0.0,0.0,71739.109375,71594.59328125,,71318.2795940392,71561.9849576675,29.30642773032038,-243.705363628309,-140.52728567945618,-103.1780779488528,71739.109375,73417.52757021529,70060.69117978471,595.9564732142857
2026-03-06 03:00:00+00:00,71233.1953125,71254.0078125,71029.078125,71074.9140625,0,0.0,0.0,71693.1328125,71647.61640625,,71280.83874303316,71525.90563209954,31.867860165275303,-245.0668890663801,-161.43520635684098,-83.63168270953912,71693.1328125,73392.34924906083,69993.91637593917,563.2885044642857
2026-03-06 04:00:00+00:00,71085.6328125,71100.65625,70435.671875,70594.9453125,0,0.0,0.0,71604.171484375,71693.329375,,71175.31667679729,71456.94560842549,24.437302069611107,-281.62893162820546,-185.4739514111139,-96.15498021709158,71604.171484375,73339.18354799411,69869.15942075588,560.9441964285714
2026-03-06 05:00:00+00:00,70572.5390625,70632.6953125,70162.8359375,70448.7421875,0,0.0,0.0,71496.65859375,71748.92296875,,71063.53598613616,71382.26387354212,33.107728025855536,-318.7278874059557,-212.12473861008226,-106.60314879587344,71496.65859375,73238.58252953927,69754.73465796074,486.6049107142857
2026-03-06 06:00:00+00:00,70436.75,70806.734375,70275.53125,70644.921875,0,0.0,0.0,71359.401171875,71805.5821875,,70999.13381519214,71327.64594772419,39.09150447445678,-328.5121325320506,-235.40221739447594,-93.10991513757466,71359.401171875,72893.33836574682,69825.46397800317,466.47823660714283
2026-03-06 07:00:00+00:00,70616.2734375,71162.75,70495.625,71077.15625,0,0.0,0.0,71269.43671875,71861.70671875,,71011.13726670104,71309.09115530018,53.94501165399332,-297.9538885991351,-247.9125516354078,-50.041336963727304,71269.43671875,72630.00494058963,69908.86849691038,449.41294642857144
2026-03-06 08:00:00+00:00,71060.3359375,71060.3359375,70762.578125,70762.578125,0,0.0,0.0,71159.53046875,71907.2334375,,70972.89739874704,71268.60870861128,46.59430181544773,-295.71130986424396,-257.4723032811751,-38.239006583068885,71159.53046875,72278.54120301927,70040.51973448074,448.91796875
2026-03-06 09:00:00+00:00,70762.046875,70785.6171875,70353.2421875,70565.0078125,0,0.0,0.0,71063.564453125,71927.40421875,,70910.14515470904,71216.49012371416,44.267570404138944,-306.3449690051202,-267.24683642596415,-39.09813257915607,71063.564453125,72021.85873787619,70105.27016837381,449.54296875
2026-03-06 10:00:00+00:00,70566.25,70765.609375,70503.109375,70551.640625,0,0.0,0.0,70955.58203125,71917.8684375,,70854.99061167688,71167.2420126983,38.528709557362156,-312.25140102142177,-276.2477493450557,-36.003651676366076,70955.58203125,71549.57356861127,70361.59049388873,436.67354910714283
2026-03-06 11:00:00+00:00,70540.765625,70611.7109375,70198.7265625,70202.3359375,0,0.0,0.0,70891.6484375,71892.4609375,,70754.58220026505,71095.76748860953,35.86413963112571,-341.1852883444808,-289.2352571449407,-51.95003119954009,70891.6484375,71521.6827863751,70261.6140886249,430.13504464285717
2026-03-06 12:00:00+00:00,70203.9140625,70203.9140625,69682.0390625,70014.0625,1219764224,0.0,0.0,70826.402734375,71867.53890625,,70640.65609253196,71015.64119315697,31.86603156933593,-374.9851006250101,-306.3852258409546,-68.59987478405549,70826.402734375,71535.42553103593,70117.37993771408,451.5982142857143
2026-03-06 13:00:00+00:00,69998.7890625,70264.609375,69333.1171875,69358.984375,927875072,0.0,0.0,70752.4875,71832.09625,,70443.47582829627,70892.9258732935,30.095358081543097,-449.45004499722563,-334.9981896722088,-114.45185532501682,70752.4875,71718.41407356496,69786.56092643505,483.68136160714283
2026-03-06 14:00:00+00:00,68906.4375,69190.125,68341.328125,68341.328125,2065895424,0.0,0.0,70620.490234375,71772.12296875,,70120.06848932762,70703.91863267917,21.10461910047259,-583.8501433515485,-384.7685804080768,-199.08156294347168,70620.490234375,72060.13186778084,69180.84860096916,539.2784598214286
2026-03-06 15:00:00+00:00,68448.0703125,69012.078125,68333.4140625,68543.03125,0,0.0,0.0,70500.01875,71713.2459375,,69877.4473755849,70543.85290062886,19.030689460628466,-666.405525043956,-441.0959693352527,-225.30955570870333,70500.01875,72202.0337705346,68798.0037294654,527.3861607142857
2026-03-06 16:00:00+00:00,68506.578125,68773.5234375,68241.375,68470.203125,0,0.0,0.0,70360.549609375,71650.08078125,,69660.9482601103,70390.24921354525,18.85930114712403,-729.3009534349549,-498.73696615519316,-230.5639872797617,70360.549609375,72247.58226764425,68473.51695110575,547.3125
2026-03-06 17:00:00+00:00,68448.3046875,68614.46875,67760.484375,67987.828125,39723008,0.0,0.0,70202.9640625,71544.93484375,,69403.54516240102,70212.29209587524,17.486015959661458,-808.74693347422,-560.7389596189986,-248.0079738552214,70202.9640625,72327.53494356539,68078.39318143461,592.2449776785714
2026-03-06 18:00:00+00:00,68006.5078125,68451.7109375,68006.5078125,68190.609375,0,0.0,0.0,70050.194140625,71440.53078125,,69216.93965664701,70062.53782025485,23.106661050688857,-845.5981636078359,-617.7108004167661,-227.88736319106977,70050.194140625,72294.97357789637,67805.41470335363,577.8805803571429
2026-03-06 19:00:00+00:00,68248.265625,68455.5078125,68022.0,68109.4140625,0,0.0,0.0,69916.12578125,71337.68546875,,69046.55110370132,69917.86198634708,23.447653301552165,-871.310882645761,-668.430816862565,-202.88006578319596,69916.12578125,72291.17531978476,67541.07624271524,575.2840401785714
2026-03-06 20:00:00+00:00,68124.5703125,68237.4296875,67778.1484375,68145.4453125,36192256,0.0,0.0,69776.976953125,71228.66765625,,68907.9194435165,69786.57186235841,20.559595256893715,-878.6524188419135,-710.4751372584348,-168.1772815834787,69776.976953125,72227.21451361488,67326.73939263514,570.1467633928571
2026-03-06 21:00:00+00:00,68119.671875,68309.734375,67940.6015625,68278.59375,77824,0.0,0.0,69628.6671875,71119.88078125,,68811.10010605241,69674.86977996149,14.538265679880567,-863.7696739090752,-741.1340445885628,-122.63562932051241,69628.6671875,72063.85522052321,67193.4791544768,548.8616071428571
2026-03-06 22:00:00+00:00,68277.890625,68423.8984375,68234.03125,68423.8984375,0,0.0,0.0,69489.28203125,71025.2221875,,68751.53061858281,69582.20523607545,19.037374303640618,-830.6746174926375,-759.0421591693778,-71.6324583232597,69489.28203125,71861.28498951637,67117.27907298363,539.9536830357143
2026-03-06 23:00:00+00:00,68320.375,68367.515625,68105.59375,68119.6484375,0,0.0,0.0,69341.51875,70921.2459375,,68654.3179753393,69473.86769544023,18.514390558924234,-819.5497201009275,-771.1436713556878,-48.40604874523967,69341.51875,71665.32588750443,67017.71161249558,531.8058035714286
2026-03-07 00:00:00+00:00,68139.6875,68348.6796875,68127.828125,68312.25,0,0.0,0.0,69227.383984375,70832.38203125,,68601.69213297941,69387.82194022243,22.438481242451985,-786.1298072430218,-774.1408985331547,-11.988908709867133,69227.383984375,71515.94405918942,66938.82390956058,529.4151785714286
2026-03-07 01:00:00+00:00,68303.6171875,68343.921875,68186.59375,68280.625,0,0.0,0.0,69118.978125,70744.59203125,,68552.29718944413,69305.80735205782,24.341961150829988,-753.5101626136893,-770.0147513492617,16.504588735572383,69118.978125,71369.01949928072,66868.93675071927,511.15401785714283
2026-03-07 02:00:00+00:00,68252.4921875,68298.1015625,68092.2421875,68298.1015625,0,0.0,0.0,69001.637109375,70654.0959375,,68513.19016991426,69231.16247875724,25.99419864081193,-717.9723088429746,-759.6062628480043,41.63395400502975,69001.637109375,71159.497409576,66843.77680917401,488.5814732142857
2026-03-07 03:00:00+00:00,68342.4375,68513.84375,68108.3125,68133.25,0,0.0,0.0,68854.441796875,70566.90328125,,68454.7378360813,69149.83562847892,30.12641552453576,-695.097792397617,-746.704568757927,51.60677636030994,68854.441796875,70808.15364199177,66900.72995175824,451.01283482142856
2026-03-07 04:00:00+00:00,68124.7421875,68144.4765625,67890.0703125,68076.1484375,0,0.0,0.0,68720.1203125,70479.44421875,,68396.49331322264,69070.30324396197,43.755404207094735,-673.8099307393277,-732.1256411542071,58.31571041487939,68720.1203125,70481.3766498942,66958.8639751058,396.49497767857144
2026-03-07 05:00:00+00:00,68096.3046875,68111.765625,67928.09375,67998.078125,0,0.0,0.0,68591.773828125,70389.143125,,68335.19866888071,68990.87916107589,36.37372340342406,-655.6804921951843,-716.8366113624026,61.15611916721821,68591.773828125,70149.2949416356,67034.25271461441,361.13839285714283
2026-03-07 06:00:00+00:00,68005.3046875,68009.5,67716.71875,67745.171875,0,0.0,0.0,68451.450390625,70287.5815625,,68244.42531597598,68898.60454729249,33.36869722297888,-654.179231316506,-704.3051353532232,50.1259040367172,68451.450390625,69749.60582318911,67153.2949580609,344.04073660714283
2026-03-07 07:00:00+00:00,67689.0078125,67854.9375,67503.4140625,67854.9375,0,0.0,0.0,68334.08046875,70198.935,,68184.50411351814,68821.29587712267,46.323116164454625,-636.7917636045313,-690.802461003485,54.01069739895365,68334.08046875,69362.05233124759,67306.10860625243,308.15066964285717
2026-03-07 08:00:00+00:00,67827.046875,68031.46875,67752.2421875,67763.1640625,0,0.0,0.0,68221.535546875,70102.9840625,,68119.68256720765,68742.91574270617,37.399182868803,-623.2331754985207,-677.2886039024922,54.05542840397152,68221.535546875,68912.79343031236,67530.27766343765,294.9609375
2026-03-07 09:00:00+00:00,67794.2890625,68046.0234375,67743.6796875,68016.796875,0,0.0,0.0,68154.426171875,70023.43109375,,68103.85399917571,68689.12915991312,47.52166841574927,-585.2751607374084,-658.8859152694755,73.61075453206706,68154.426171875,68596.37941174938,67712.47293200063,285.59207589285717
2026-03-07 10:00:00+00:00,67999.1640625,68091.4296875,67882.578125,67882.578125,0,0.0,0.0,68131.488671875,69933.59921875,,68069.81155699483,68629.38463880845,43.317139440933346,-559.5730818136217,-639.0233485783048,79.45026676468308,68131.488671875,68580.16605145596,67682.81129229405,267.70424107142856
2026-03-07 11:00:00+00:00,67882.578125,68207.53125,67867.453125,68020.875,0,0.0,0.0,68105.380859375,69842.03671875,,68062.28285591869,68584.30985074857,43.46513470681459,-522.026994829881,-615.6240778286201,93.5970829987391,68105.380859375,68512.0269204848,67698.7347982652,265.62890625
2026-03-07 12:00:00+00:00,68015.34375,68078.625,67908.9453125,67995.0859375,0,0.0,0.0,68081.625,69734.13703125,,68051.94486846967,68540.66363495238,38.42523470911253,-488.718766482707,-590.2430155594375,101.52424907673048,68081.625,68452.46975615017,67710.78024384983,264.1869419642857
2026-03-07 13:00:00+00:00,67986.6953125,68071.1328125,67881.5234375,67923.0703125,0,0.0,0.0,68078.387109375,69635.06953125,,68032.1180137051,68494.91598143739,43.93324203379369,-462.79796773228736,-564.7540059940075,101.9560382617201,68078.387109375,68453.7829745301,67702.99124421991,254.99441964285714
2026-03-07 14:00:00+00:00,67893.1875,68054.3515625,67628.859375,68038.125,0,0.0,0.0,68070.762890625,69536.61796875,,68033.04216544278,68461.07961244203,41.11471258546467,-428.037446999253,-537.4106941950566,109.37324719580363,68070.762890625,68442.74036314669,67698.78541810332,269.02734375
2026-03-07 15:00:00+00:00,68020.1640625,68020.1640625,67798.03125,67910.8984375,0,0.0,0.0,68060.837109375,69445.149375,,68014.25082268234,68420.32545133521,38.71532331522698,-406.0746286528738,-511.14348108662006,105.06885243374626,68060.837109375,68439.01464994764,67682.65956880237,274.93917410714283
2026-03-07 16:00:00+00:00,67887.4375,67887.4375,67741.328125,67818.6875,0,0.0,0.0,68044.49921875,69347.29734375,,67984.16415765429,68375.75967716223,36.00589273578925,-391.5955195079441,-487.2338887708849,95.63836926294078,68044.49921875,68435.30837928543,67653.69005821458,272.3470982142857
2026-03-07 17:00:00+00:00,67804.7109375,67918.0234375,67781.765625,67781.765625,0,0.0,0.0,68019.6578125,69273.3125,,67953.02592186132,68331.76011774282,38.91205552105206,-378.7341958814941,-465.5339501930068,86.79975431151269,68019.6578125,68410.974841663,67628.34078333699,253.11328125
2026-03-07 18:00:00+00:00,67787.0546875,67787.0546875,67521.46875,67588.6875,0,0.0,0.0,67977.897265625,69198.70671875,,67896.97385695958,68276.71770161371,35.8375362601744,-379.7438446541346,-448.37592908523237,68.63208443109778,67977.897265625,68365.82262309163,67589.97190815836,253.91183035714286
2026-03-07 19:00:00+00:00,67571.0625,67571.0625,67016.953125,67095.625,965033984,0.0,0.0,67926.69609375,69123.8734375,,67773.68941742733,68189.22935334603,28.874697332133636,-415.5399359186995,-441.80873045192584,26.268794533226355,67926.69609375,68473.58945389725,67379.80273360274,281.63058035714283
2026-03-07 20:00:00+00:00,67087.1328125,67418.8984375,67087.1328125,67414.6171875,0,0.0,0.0,67881.814453125,69052.5403125,,67718.44753590005,68131.85067439447,42.49435005197598,-413.40313849442464,-436.1276120604256,22.72447356600094,67881.814453125,68442.63610754594,67320.99279870406,284.41517857142856
2026-03-07 21:00:00+00:00,67401.6796875,67476.7265625,67297.53125,67439.015625,0,0.0,0.0,67839.733984375,68982.27140625,,67675.4580111462,68080.52955962451,40.175097994345485,-405.07154847831407,-429.9163993440033,24.84485086568924,67839.733984375,68400.85692637916,67278.61104237083,272.1060267857143
2026-03-07 22:00:00+00:00,67452.1484375,67456.328125,67171.5625,67240.6640625,25126912,0.0,0.0,67786.862109375,68901.89296875,,67608.5666344314,68018.31730057826,38.24918475205217,-409.7506661468651,-425.8832527045757,16.132586557710567,67786.862109375,68365.14546234036,67208.57875640964,272.50167410714283
2026-03-07 23:00:00+00:00,67239.65625,67384.7421875,67209.265625,67267.703125,0,0.0,0.0,67743.584765625,68824.45625,,67556.12609451887,67962.71625053542,31.24129403847057,-406.5901560165512,-422.0246333669708,15.434477350419627,67743.584765625,68341.92249513722,67145.24703611278,263.43973214285717
2026-03-08 00:00:00+00:00,67250.1015625,67474.390625,67177.8046875,67228.4921875,0,0.0,0.0,67701.201953125,68744.1059375,,67505.72087805443,67908.32928290317,32.802133017817596,-402.60840484873916,-418.1413876633245,15.532982814585353,67701.201953125,68320.08616054656,67082.31774570343,269.7064732142857
2026-03-08 01:00:00+00:00,67197.640625,67350.0390625,67098.0703125,67296.7109375,144486400,0.0,0.0,67666.13359375,68674.22453125,,67473.56550258452,67863.02422028071,30.231060266762213,-389.45871769619407,-412.40485366989844,22.946135973704372,67666.13359375,68293.61236154164,67038.65482595835,263.41294642857144
2026-03-08 02:00:00+00:00,67299.8046875,67408.5859375,66905.828125,66956.8046875,606951424,0.0,0.0,67626.715234375,68594.7921875,,67394.06383872536,67795.89684748214,25.8053945413766,-401.83300875678833,-410.29048468727643,8.457475930488101,67626.715234375,68327.99825785666,66925.43221089336,287.20424107142856
2026-03-08 03:00:00+00:00,66919.421875,67064.59375,66892.953125,67050.3515625,288538624,0.0,0.0,67586.4859375,68510.9034375,,67341.18502699837,67740.6712708168,29.865466972358007,-399.48624381843547,-408.1296365135083,8.643392695072805,67586.4859375,68324.0183351543,66848.9535398457,285.92075892857144
2026-03-08 04:00:00+00:00,67009.3125,67077.75,66612.984375,66647.515625,278130688,0.0,0.0,67530.703515625,68419.62171875,,67234.46665746016,67659.69677853408,21.67801680244399,-425.23012107392424,-411.54973342559146,-13.680387648332783,67530.703515625,68373.25580288572,66688.1512283643,288.7260044642857
2026-03-08 05:00:00+00:00,66635.25,67217.5859375,66635.25,67171.09375,339662848,0.0,0.0,67488.418359375,68341.5453125,,67224.71697938937,67623.50396160563,37.02712255427114,-398.7869822162611,-408.9971831837254,10.210200967464289,67488.418359375,68312.94628624198,66663.89043250804,313.171875
2026-03-08 06:00:00+00:00,67154.2109375,67218.9609375,67057.984375,67190.828125,0,0.0,0.0,67453.830859375,68273.46296875,,67219.5033094833,67591.45389963484,38.70299356754082,-371.95059015153674,-401.5878645772877,29.637274425750945,67453.830859375,68266.69351482952,66640.96820392048,312.5580357142857
2026-03-08 07:00:00+00:00,67162.796875,67412.6953125,67162.4296875,67277.71875,0,0.0,0.0,67416.673046875,68210.0425,,67228.45953110125,67568.21425892114,41.09093821459739,-339.75472781989083,-389.22123722580835,49.46650940591752,67416.673046875,68187.2373535682,66646.10874018181,320.70145089285717
2026-03-08 08:00:00+00:00,67315.3984375,67547.984375,67184.15625,67537.9296875,383299584,0.0,0.0,67393.815234375,68147.90265625,,67276.07032439337,67565.97095733439,49.12364945978392,-289.90063294101856,-369.35711636885037,79.45648342783181,67393.815234375,68117.85311141114,66669.77735733885,327.71875
2026-03-08 09:00:00+00:00,67541.71875,67819.0546875,67472.4921875,67733.984375,697190400,0.0,0.0,67384.3609375,68081.03921875,,67346.51863987131,67578.41639567999,62.2810129017519,-231.89775580867718,-341.86524425681574,109.96748844813857,67384.3609375,68083.82132454941,66684.90055045058,311.63504464285717
2026-03-08 10:00:00+00:00,67718.625,68170.4453125,67718.625,67893.5078125,643680256,0.0,0.0,67377.130078125,68023.6578125,,67430.67082027573,67601.75650062962,59.81534382045501,-171.0856803538918,-307.70933147623094,136.62365112233914,67377.130078125,68050.64252732866,66703.61762892135,320.2103794642857
2026-03-08 11:00:00+00:00,67896.859375,67896.859375,67439.5703125,67537.6328125,203538432,0.0,0.0,67358.466796875,67963.1103125,,67447.12651138716,67597.0065978052,51.779466286987045,-149.88008641803754,-276.1434824645923,126.26339604655476,67358.466796875,67989.01817568818,66727.91541806182,340.07421875
2026-03-08 12:00:00+00:00,67517.109375,67617.4453125,66913.4375,67305.921875,870957056,0.0,0.0,67332.828515625,67898.1959375,,67425.40272117376,67575.4447664863,51.163516318201445,-150.04204531254072,-250.923195034182,100.88114972164126,67332.828515625,67925.12785143527,66740.52917981474,370.0200892857143
2026-03-08 13:00:00+00:00,67316.9375,67354.6640625,66876.625,67257.5390625,1407559680,0.0,0.0,67306.6171875,67839.3,,67399.57754291626,67551.89619582065,49.8201483603226,-152.31865290438873,-231.20228660822335,78.88363370383462,67306.6171875,67860.4119793142,66752.8223956858,391.63169642857144
2026-03-08 14:00:00+00:00,67249.78125,67395.0,67074.4453125,67291.859375,32139264,0.0,0.0,67291.77578125,67784.8559375,,67383.00551708299,67532.63420909319,51.123217406477025,-149.6286920101993,-214.88756768861853,65.25887567841923,67291.77578125,67829.41584366487,66754.13571883514,393.34375
2026-03-08 15:00:00+00:00,67321.421875,67348.921875,67125.3828125,67197.578125,235843584,0.0,0.0,67296.8734375,67741.6278125,,67354.4782259933,67507.8152399011,48.25890443664465,-153.33701390780334,-202.5774569324555,49.240443024652166,67296.8734375,67828.58335482475,66765.16352017527,391.3130580357143
2026-03-08 16:00:00+00:00,67200.6953125,67222.40625,66846.515625,66846.515625,435476480,0.0,0.0,67268.468359375,67711.7315625,,67276.33013353279,67458.83008324176,48.070525524499416,-182.49994970897387,-198.5619554877592,16.062005778785334,67268.468359375,67833.35678267777,66703.57993607222,382.25111607142856
2026-03-08 17:00:00+00:00,66859.78125,67139.203125,66824.0625,66978.1953125,514711552,0.0,0.0,67245.42734375,67680.43484375,,67230.46323798927,67423.22750763125,48.75426888153955,-192.7642696419789,-197.40241831860317,4.638148676624269,67245.42734375,67818.55803062349,66672.2966568765,392.50111607142856
2026-03-08 18:00:00+00:00,67011.078125,67041.4140625,66768.0625,66853.7421875,0,0.0,0.0,67226.08125,67648.105625,,67172.50615329861,67381.04340984375,53.93899239867133,-208.53725654513983,-199.6293859639105,-8.907870581229332,67226.08125,67825.41129193404,66626.75120806597,378.8286830357143
2026-03-08 19:00:00+00:00,66823.9375,67405.09375,66806.6953125,67294.5234375,0,0.0,0.0,67227.422265625,67634.23953125,,67191.27804317576,67374.63452300348,52.43454811618769,-183.35647982772207,-196.37480473667284,13.018324908950774,67227.422265625,67827.26423729233,66627.58029395768,379.9760044642857
2026-03-08 20:00:00+00:00,67311.3671875,67480.8671875,67050.953125,67210.8359375,424927232,0.0,0.0,67226.539453125,67614.6440625,,67194.28694999487,67362.50129444766,50.38492639654182,-168.2143444527901,-190.7427126798963,22.5283682271062,67226.539453125,67826.42676386102,66626.652142389,399.18582589285717
2026-03-08 21:00:00+00:00,67243.015625,67243.015625,66760.640625,66978.71875,785186816,0.0,0.0,67210.63984375,67592.03015625,,67161.12261153413,67334.07295782192,44.55202846975089,-172.95034628779104,-187.18423940147525,14.233893113684218,67210.63984375,67819.485661866,66601.79402563401,415.7650669642857
2026-03-08 22:00:00+00:00,66976.671875,66976.671875,65660.515625,66221.859375,2410731520,0.0,0.0,67173.892578125,67553.5584375,,67016.62057514426,67251.68676650178,29.695217937375403,-235.0661913575168,-196.76062979268357,-38.305561564833226,67173.892578125,67920.39884655741,66427.38630969259,483.93470982142856
2026-03-08 23:00:00+00:00,66215.1171875,66529.421875,65990.9765625,65990.9765625,1615960064,0.0,0.0,67120.923828125,67507.80609375,,66858.82918858361,67158.30082546461,23.394207675557325,-299.4716368810041,-217.30283121034768,-82.16880567065641,67120.923828125,68035.70931230222,66206.13834394778,497.640625
2026-03-09 00:00:00+00:00,65975.703125,66716.171875,65878.921875,66406.7734375,1005076480,0.0,0.0,67108.88671875,67467.46359375,,66789.28214995535,67102.63213005982,28.952712118597944,-313.34998010446725,-236.5122609891716,-76.83771911529564,67108.88671875,68055.6765196193,66162.0969178807,525.1713169642857
2026-03-09 01:00:00+00:00,66363.234375,66658.3828125,66176.90625,66239.640625,1434687488,0.0,0.0,67062.3140625,67429.8634375,,66704.72191534683,67038.70683338873,30.58727855244986,-333.9849180418969,-256.0067923997167,-77.9781256421802,67062.3140625,68084.82806589939,66039.8000591006,526.8989955357143
2026-03-09 02:00:00+00:00,66205.796875,66647.7265625,65990.5703125,66575.859375,582176768,0.0,0.0,67031.565625,67395.135625,,66684.89690913963,67004.42183647104,39.41219125311579,-319.52492733141116,-268.7104193860556,-50.81450794535556,67031.565625,68074.58792223444,65988.54332776557,523.5524553571429
2026-03-09 03:00:00+00:00,66602.0078125,67644.046875,66602.0078125,67198.7890625,1198792704,0.0,0.0,67027.619140625,67373.49890625,,66763.95724042584,67018.81940876949,49.269678852929644,-254.8621683436504,-265.94076917757457,11.078600833924156,67027.619140625,68067.31185907929,65987.92642217071,565.7059151785714
2026-03-09 04:00:00+00:00,67206.921875,67584.3984375,67183.390625,67184.8125,0,0.0,0.0,67009.96328125,67351.233125,,66828.70420343724,67031.11519330509,48.66253577438612,-202.41098986784345,-253.23481331562837,50.82382344778492,67009.96328125,68024.86517616211,65995.0613863379,571.4525669642857
2026-03-09 05:00:00+00:00,67133.9375,68009.7265625,67133.9375,67887.1484375,1376468992,0.0,0.0,67017.621484375,67346.31109375,,66991.54177790844,67094.52506324544,57.47921005848469,-102.9832853370026,-223.18450771990322,120.20122238290062,67017.621484375,68057.53009473765,65977.71287401236,618.0418526785714
2026-03-09 06:00:00+00:00,67890.9453125,67895.640625,67273.578125,67286.0859375,1159671808,0.0,0.0,66987.250390625,67330.50984375,,67036.85626399945,67108.71475763466,54.522408285897555,-71.85849363521265,-192.91930490296514,121.06081126775248,66987.250390625,67952.23147537437,66022.26930587564,635.6255580357143
2026-03-09 07:00:00+00:00,67243.53125,67532.5,66968.28125,67527.171875,515100672,0.0,0.0,66986.72734375,67321.09171875,,67112.28943492261,67139.7115811432,55.52365844800833,-27.42214622058964,-159.81987316649005,132.39772694590042,66986.72734375,67950.4628691171,66022.9918183829,653.4168526785714
2026-03-09 08:00:00+00:00,67566.90625,67886.8828125,67431.875,67810.0078125,872071168,0.0,0.0,67011.931640625,67322.3884375,,67219.63072378068,67189.3631538363,59.32450262513979,30.26756994437892,-121.80238454431627,152.0699544886952,67011.931640625,68035.33511853947,65988.52816271053,666.3922991071429
2026-03-09 09:00:00+00:00,67799.359375,68405.1640625,67615.15625,67968.8359375,513470464,0.0,0.0,67047.496484375,67324.66640625,,67334.89306435287,67247.10187855213,56.95777227467368,87.79118580074282,-79.88367047530446,167.67485627604728,67047.496484375,68152.9833158197,65942.00965293031,680.0786830357143
2026-03-09 10:00:00+00:00,67984.6328125,68043.5078125,67586.328125,67602.859375,660811776,0.0,0.0,67063.046484375,67321.4603125,,67376.11865060628,67273.45428569641,53.82235229414265,102.66436490986962,-43.37406339826964,146.03842830813926,67063.046484375,68191.5162500155,65934.57671873449,682.0262276785714
2026-03-09 11:00:00+00:00,67596.6328125,67824.65625,67398.3984375,67781.9375,13942784,0.0,0.0,67092.264453125,67316.763125,,67438.55231974377,67311.11970897816,57.913485221674875,127.43261076560884,-9.212728565493947,136.64533933110278,67092.264453125,68264.80023804784,65919.72866820215,678.0178571428571
2026-03-09 12:00:00+00:00,67753.046875,68285.1328125,67753.046875,68197.796875,203182080,0.0,0.0,67159.828515625,67323.0675,,67555.35917439857,67376.79949905386,70.86963983945924,178.5596753447171,28.34175221654827,150.21792312816885,67159.828515625,68424.82297713598,65894.83405411404,621.8666294642857
2026-03-09 13:00:00+00:00,68157.65625,69249.7265625,68157.65625,69038.953125,1498853376,0.0,0.0,67262.86640625,67343.4290625,,67783.60439756802,67499.92198986468,78.51628568546649,283.68240770333796,79.40988331390622,204.27252438943174,67262.86640625,68776.78670800728,65748.94610449273,661.4112723214286
2026-03-09 14:00:00+00:00,69000.828125,69453.5,68720.8671875,69149.828125,2796879872,0.0,0.0,67377.670703125,67366.52390625,,67993.79266332679,67622.13725913396,77.21634572900469,371.65540419283207,137.8589874896914,233.79641670314066,67377.670703125,69095.46770727007,65659.87369897992,653.9386160714286
2026-03-09 15:00:00+00:00,69133.3984375,69232.6796875,68771.984375,69007.4609375,1620893696,0.0,0.0,67463.317578125,67388.21171875,,68149.74162858422,67724.75382790182,77.59769547273812,424.9878006824001,195.28475012823316,229.70305055416696,67463.317578125,69328.17377953624,65598.46137671376,652.4542410714286
2026-03-09 16:00:00+00:00,68895.296875,69130.875,68729.2578125,68972.671875,1186041856,0.0,0.0,67551.409375,67406.90265625,,68276.34628187896,67817.19220176095,75.42683048116642,459.154080118009,248.05861612618835,211.09546399182065,67551.409375,69529.08590742694,65573.73284257307,634.2014508928571
2026-03-09 17:00:00+00:00,68971.8359375,69055.21875,68315.6796875,68658.5546875,471916544,0.0,0.0,67635.401171875,67421.85578125,,68335.14757505142,67879.51534885273,66.57188570942039,455.6322261986934,289.5733381406894,166.05888805800402,67635.401171875,69652.95179577595,65617.85054797404,610.7265625
2026-03-09 18:00:00+00:00,68622.078125,68690.2578125,68265.109375,68344.578125,1060278272,0.0,0.0,67741.537109375,67432.37359375,,68336.59842888966,67913.96444338215,62.32653996638745,422.6339855075057,316.18546761405264,106.44851789345307,67741.537109375,69667.2336895501,65815.8405291999,612.4508928571429
2026-03-09 19:00:00+00:00,68400.1640625,69347.0234375,68400.1640625,69053.765625,1127022592,0.0,0.0,67894.6765625,67457.81359375,,68446.93184367586,67998.39416053903,62.38132904832737,448.53768313683395,342.65591071860894,105.88177241822501,67894.6765625,69718.66336829492,66070.68975670508,621.4977678571429
2026-03-09 20:00:00+00:00,69006.203125,69139.6640625,68822.3125,69026.1875,575393792,0.0,0.0,68025.647265625,67486.56359375,,68536.04809849497,68074.5270004991,71.02734566024769,461.5210979958647,366.4289481740601,95.09214982180458,68025.647265625,69774.40936388027,66276.88516736972,599.7327008928571
2026-03-09 21:00:00+00:00,68996.78125,69117.7890625,68746.65625,69009.71875,48074752,0.0,0.0,68164.151171875,67524.84546875,,68608.92050641881,68143.8004634251,68.94341114367629,465.1200429937162,386.1671671379913,78.95287585572487,68164.151171875,69748.3635770564,66579.9387666936,585.9408482142857
2026-03-09 22:00:00+00:00,69014.3828125,69014.3828125,68630.859375,68654.75,0,0.0,0.0,68268.095703125,67549.648125,,68615.971197739,68181.64857724546,60.59842112176025,434.3226204935345,395.7982578091,38.52436268443449,68268.095703125,69676.57674789942,66859.61465835058,580.8348214285714
2026-03-09 23:00:00+00:00,68642.3828125,68692.859375,68401.4609375,68401.4609375,0,0.0,0.0,68328.229296875,67568.89703125,,68582.96961924068,68197.93097430136,55.30218307162007,385.03864493932633,393.6463352351453,-8.60769029581894,68328.229296875,69644.13908151121,67012.31951223878,545.2198660714286
2026-03-10 00:00:00+00:00,68443.1484375,69284.1796875,68432.28125,69117.40625,0,0.0,0.0,68424.858984375,67606.431875,,68665.1906393575,68266.04025398273,67.0955350655031,399.15038537477085,394.74714526307037,4.403240111700484,68424.858984375,69669.11657557859,67180.6013931714,575.6155133928571
2026-03-10 01:00:00+00:00,69163.484375,69330.5078125,68846.6953125,69282.4609375,0,0.0,0.0,68494.624609375,67646.72703125,,68760.15530061019,68341.33067498401,66.99103504770869,418.8246256261773,399.56264133569175,19.261984290485543,68494.624609375,69768.06538204955,67221.18383670044,579.7265625
2026-03-10 02:00:00+00:00,69316.3984375,70561.8515625,69133.9375,70282.6640625,1710305280,0.0,0.0,68644.453515625,67707.81046875,,68994.38741782401,68485.13314813335,70.84876960360751,509.2542696906603,421.50096700668547,87.75330268397482,68644.453515625,70020.21278914597,67268.69424210404,643.7142857142857
2026-03-10 03:00:00+00:00,70285.90625,70334.1875,69454.2890625,69454.2890625,0,0.0,0.0,68740.809375,67750.96203125,,69065.14151700493,68556.92247512347,54.164023178107676,508.2190418814571,438.8445819816398,69.37445989981728,68740.809375,70055.68105691318,67425.93769308682,628.5591517857143
2026-03-10 04:00:00+00:00,69474.1640625,70092.0234375,69474.1640625,70082.0546875,166465536,0.0,0.0,68854.41171875,67813.46703125,,69221.58969708109,68669.89523159582,58.468495705605065,551.6944654852705,461.41455868236596,90.27990680290452,68854.41171875,70222.21082711061,67486.61261038938,621.7806919642857
2026-03-10 05:00:00+00:00,70054.296875,70311.6796875,69914.6171875,69966.9453125,0,0.0,0.0,68954.3171875,67871.79890625,,69336.25979176092,68765.9730153665,58.75948955400166,570.2867763944232,483.1890022247774,87.09777416964579,68954.3171875,70341.51564278317,67567.11873221683,617.2354910714286
2026-03-10 06:00:00+00:00,69942.6796875,70160.3125,69773.6015625,69906.546875,0,0.0,0.0,69069.5015625,67936.97953125,,69423.9962661054,68850.45996793194,58.48601188109815,573.5362981734652,501.258461414515,72.27783675895017,69069.5015625,70363.65621339204,67775.34691160795,616.1707589285714
2026-03-10 07:00:00+00:00,69957.859375,70465.3984375,69845.078125,70338.8671875,854138880,0.0,0.0,69197.348046875,68000.335,,69564.74563862765,68960.71235456661,64.94769557518188,604.0332840610354,521.8134259438191,82.21985811721629,69197.348046875,70460.76410457608,67933.93198917393,607.6551339285714
2026-03-10 08:00:00+00:00,70392.390625,71072.984375,70392.390625,70655.1875,612130816,0.0,0.0,69320.217578125,68069.6221875,,69732.50592499263,69086.22903200613,70.5461123569279,646.2768929864978,546.7061193523548,99.57077363414305,69320.217578125,70650.53614165698,67989.89901459301,629.7243303571429
2026-03-10 09:00:00+00:00,70670.4921875,71266.8828125,70670.4921875,71034.453125,206561280,0.0,0.0,69419.992578125,68144.756875,,69932.80549422452,69230.54192778346,68.71022210676712,702.2635664410627,577.8176087700964,124.44595767096632,69419.992578125,70946.3707017509,67893.61445449911,601.8136160714286
2026-03-10 10:00:00+00:00,71047.1484375,71047.1484375,70690.234375,70813.3515625,0,0.0,0.0,69503.16875,68210.2653125,,70068.27412011306,69347.78708591062,66.28666791022991,720.4870342024369,606.3514938565645,114.13554034587241,69503.16875,71144.52815152303,67861.80934847696,604.6395089285714
2026-03-10 11:00:00+00:00,70758.9765625,70850.09375,70575.015625,70612.5078125,838459392,0.0,0.0,69583.42109375,68267.83578125,,70152.00238048028,69441.47010269502,64.13154737058176,710.5322777852562,627.1876506423029,83.3446271429533,69583.42109375,71278.79476162979,67888.04742587022,597.7784598214286
2026-03-10 12:00:00+00:00,70609.28125,70617.546875,70329.375,70508.40625,0,0.0,0.0,69660.2078125,68320.13375,,70206.83374502177,69520.5024099028,67.0998541307519,686.3313351189718,639.0163875376367,47.314947581335105,69660.2078125,71378.07339928996,67942.34222571003,590.9676339285714
2026-03-10 13:00:00+00:00,70523.1875,70907.703125,69762.796875,69974.1328125,0,0.0,0.0,69725.98671875,68368.86375,,70171.03360155688,69554.10466194703,63.792758496885185,616.9289396098466,634.5988979520787,-17.66995834223212,69725.98671875,71381.99637804492,68069.9770594551,651.9324776785714
2026-03-10 14:00:00+00:00,69935.9921875,71453.234375,69508.3515625,71435.6484375,329719808,0.0,0.0,69880.540234375,68451.45828125,,70365.58973016351,69693.47827495095,67.9802125862397,672.1114552125655,642.1014094041761,30.01004580838935,69880.540234375,71570.33409700113,68190.74637174887,727.8013392857143
2026-03-10 15:00:00+00:00,71568.4140625,71751.71875,70945.703125,71360.6640625,1293574144,0.0,0.0,69995.88515625,68533.52078125,,70518.67808898451,69816.9735184731,66.34686999933632,701.7045705114142,654.0220416256238,47.68252888579036,69995.88515625,71761.30068438356,68230.46962811645,750.8158482142857
2026-03-10 16:00:00+00:00,71382.9375,71699.7265625,71016.2421875,71226.984375,786587648,0.0,0.0,70105.925,68612.22328125,,70627.64828683305,69921.41876710473,58.600281474882856,706.2295197283238,664.4635372461638,41.765982482159984,70105.925,71891.09215040777,68320.75784959224,697.6422991071429
2026-03-10 17:00:00+00:00,71269.1640625,71457.875,70619.2265625,70899.8515625,734576640,0.0,0.0,70200.431640625,68686.26875,,70669.52571385873,69993.89527046733,64.48804199396149,675.6304433914047,666.696918475212,8.93352491619271,70200.431640625,71940.81420458287,68460.04907666713,694.6958705357143
2026-03-10 18:00:00+00:00,70877.2265625,70888.8359375,69949.421875,69969.8046875,890544128,0.0,0.0,70266.184375,68748.73453125,,70561.87632518816,69992.11078284011,48.93925523432655,569.7655423480464,647.310643249779,-77.54510090173255,70266.184375,71853.30444761066,68679.06430238934,717.03125
2026-03-10 19:00:00+00:00,70017.2265625,70245.8359375,69837.5078125,70001.09375,0,0.0,0.0,70346.166015625,68809.1925,,70475.60208285152,69992.77618781492,50.32789172596624,482.82589503659983,614.4136936071433,-131.58779857054344,70346.166015625,71678.37047105392,69013.96156019608,717.8359375
2026-03-10 20:00:00+00:00,70050.2265625,70320.6328125,70043.0703125,70254.5,0,0.0,0.0,70403.020703125,68877.20765625,,70441.58637779743,70012.16313686567,53.221620401715185,429.42324093176285,577.4156030720673,-147.9923621403044,70403.020703125,71605.12888325946,69200.91252299055,713.0379464285714
2026-03-10 21:00:00+00:00,70256.2890625,70390.609375,69568.7578125,69781.28125,220327936,0.0,0.0,70427.96171875,68926.9428125,,70340.0009735209,69995.06077487562,44.87624036033087,344.9401986452867,530.9205221867112,-185.98032354142447,70427.96171875,71550.22625633937,69305.69718116062,727.4330357142857
2026-03-10 22:00:00+00:00,69816.8125,69855.578125,69491.3828125,69708.0234375,0,0.0,0.0,70399.2296875,68976.8865625,,70242.77366028693,69973.79874988484,40.88935446879053,268.9749104020884,478.53139982978666,-209.55648942769824,70399.2296875,71565.7096073374,69232.74976766261,701.0100446428571
2026-03-10 23:00:00+00:00,69707.1796875,69952.984375,69707.1796875,69919.15625,580050944,0.0,0.0,70422.473046875,69035.6953125,,70192.98636639662,69969.75115730078,38.91351551166598,223.23520909584477,427.4721616829983,-204.23695258715355,70422.473046875,71526.52880553465,69318.41728821537,674.875
2026-03-11 00:00:00+00:00,69956.9296875,70146.609375,69780.265625,70093.7734375,0,0.0,0.0,70423.058984375,69113.13359375,,70177.72283887406,69978.9379928711,42.78039405036621,198.7848460029636,381.7346985469914,-182.9498525440278,70423.058984375,71526.36623450874,69319.75173424128,675.5485491071429
2026-03-11 01:00:00+00:00,70053.5078125,70123.3125,69907.9921875,70089.4921875,617857024,0.0,0.0,70429.186328125,69195.10390625,,70164.14889250882,69987.12719247324,44.53705396195376,177.02170003557694,340.7920988447085,-163.77039880913156,70429.186328125,71523.14956799777,69335.22308825223,671.2801339285714
2026-03-11 02:00:00+00:00,70086.0390625,70117.4765625,69663.953125,69790.0859375,0,0.0,0.0,70423.36328125,69262.77015625,,70106.6007455844,69972.5315439567,42.79119435118789,134.06920162768802,299.4475194013044,-165.3783177736164,70423.36328125,71530.20403071884,69316.52253178116,683.0909598214286
2026-03-11 03:00:00+00:00,69816.5078125,69849.1328125,69526.8203125,69571.8671875,322605056,0.0,0.0,70385.01328125,69329.4146875,,70024.33404434063,69942.8527027377,45.689568571772995,81.48134160293557,255.85428384163066,-174.3729422386951,70385.01328125,71555.50122898938,69214.52533351061,624.3342633928571
2026-03-11 04:00:00+00:00,69544.28125,70256.4609375,69538.9921875,70142.796875,0,0.0,0.0,70359.39375,69400.7534375,,70042.55909521131,69957.66338216454,32.87886657134521,84.8957130467752,221.66256968265958,-136.76685663588438,70359.39375,71527.41025505778,69191.37724494222,536.6618303571429
2026-03-11 05:00:00+00:00,70151.9296875,70153.9609375,69453.703125,69552.3046875,31375360,0.0,0.0,70285.286328125,69447.82375,,69967.13534017881,69927.63681218939,28.928999275391334,39.4985279894172,185.2297613440111,-145.7312333545939,70285.286328125,71461.01423586268,69109.55842038733,529.1077008928571
2026-03-11 06:00:00+00:00,69512.671875,69972.96875,69512.671875,69965.296875,0,0.0,0.0,70242.88359375,69503.4334375,,69966.85249938208,69930.42644647165,36.19725339906395,36.42605291042128,155.46901965729316,-119.04296674687188,70242.88359375,71399.43719071624,69086.32999678375,513.1657366071429
2026-03-11 07:00:00+00:00,69956.421875,69987.2265625,69527.34375,69666.4765625,0,0.0,0.0,70195.58203125,69539.02,,69920.64081678483,69910.8746032145,36.42288309052443,9.766213570328546,126.32845843990025,-116.5622448695717,70195.58203125,71365.7868090023,69025.3772534977,486.11104910714283
2026-03-11 08:00:00+00:00,69674.875,69757.7734375,69507.9453125,69637.3046875,0,0.0,0.0,70152.026953125,69586.044375,,69877.0506430487,69890.61016501342,45.43424062066864,-13.55952196472208,98.35086235897579,-111.91038432369787,70152.026953125,71337.9465392869,68966.10736696309,436.06808035714283
2026-03-11 09:00:00+00:00,69644.890625,69732.140625,69404.7421875,69411.1796875,0,0.0,0.0,70123.879296875,69623.72453125,,69805.3781883489,69855.09679630873,42.31095868371157,-49.7186079598323,68.73696829521417,-118.45557625504647,70123.879296875,71353.4952011886,68894.2633925614,430.28738839285717
2026-03-11 10:00:00+00:00,69466.3125,69693.75,69430.703125,69627.4453125,0,0.0,0.0,70033.469140625,69660.07328125,,69778.00389975676,69838.23372343401,41.746955865447305,-60.22982367724762,42.94360990072182,-103.17343357796943,70033.469140625,71113.82152350298,68953.11675774703,427.64676339285717
2026-03-11 11:00:00+00:00,69617.2578125,69645.7890625,69247.8671875,69247.8671875,88522752,0.0,0.0,69927.829296875,69685.65390625,,69696.44440556341,69794.50286892038,42.80199124140533,-98.05846335696697,14.743195249184058,-112.80165860615102,69927.829296875,70865.52463225914,68990.13396149086,397.36607142857144
2026-03-11 12:00:00+00:00,69178.859375,69547.234375,68998.8671875,69372.46875,380854272,0.0,0.0,69835.103515625,69721.04609375,,69646.60199701518,69763.24108233368,45.53383702576068,-116.63908531850029,-11.533260864352812,-105.10582445414748,69835.103515625,70578.52442556478,69091.68260568522,410.52120535714283
2026-03-11 13:00:00+00:00,69363.40625,71038.4375,69356.203125,70186.515625,583168000,0.0,0.0,69799.43671875,69769.13765625,,69729.66563208977,69794.59475216082,53.06636655902455,-64.92912007104314,-22.21243270569088,-42.716687365352264,69799.43671875,70377.92189913597,69220.95153836404,513.1233258928571
2026-03-11 14:00:00+00:00,70195.28125,70926.5625,70055.15625,70690.9921875,409673728,0.0,0.0,69835.49609375,69819.0015625,,69877.56202522981,69860.99456218594,56.367743784194424,16.56746304387343,-14.456453555778017,31.02391659965145,69835.49609375,70535.78243852522,69135.20974897478,549.19921875
2026-03-11 15:00:00+00:00,70617.7734375,70617.7734375,69850.2109375,70278.3515625,0,0.0,0.0,69849.358984375,69843.78953125,,69939.22195404061,69891.90989554253,51.852374048679415,47.31205849807884,-2.1027511450066445,49.41480964308548,69849.358984375,70574.00181762244,69124.71615112755,593.875
2026-03-11 16:00:00+00:00,70242.484375,70777.78125,70226.9375,70572.265625,424595456,0.0,0.0,69865.247265625,69872.23828125,,70036.61328803436,69942.30661624308,57.68006369944661,94.30667179128795,17.179133442252276,77.12753834903567,69865.247265625,70639.52660986259,69090.96792138742,600.8264508928571
2026-03-11 17:00:00+00:00,70580.484375,71337.6640625,70580.484375,70801.609375,1442115584,0.0,0.0,69916.263671875,69908.12125,,70154.3049937214,70005.95867244729,62.048267468828215,148.3463212741044,43.412571008622706,104.9337502654817,69916.263671875,70794.69955729821,69037.82778645179,632.4754464285714
2026-03-11 18:00:00+00:00,70794.34375,70878.6875,70466.8125,70664.5546875,0,0.0,0.0,69964.090234375,69941.95890625,,70232.80494661041,70054.7435624512,55.5868422065287,178.06138415921305,70.34233363874078,107.71905052047227,69964.090234375,70897.24148516453,69030.93898358548,610.6473214285714
2026-03-11 19:00:00+00:00,70648.3984375,70730.2421875,70416.71875,70667.578125,0,0.0,0.0,70001.511328125,69982.139375,,70299.69312790112,70100.13871523259,63.66068711567206,199.55441266852722,96.18474944469807,103.36966322382915,70001.511328125,70985.7056664645,69017.31698978548,583.0234375
2026-03-11 20:00:00+00:00,70670.0,70670.0,70435.7109375,70665.5,0,0.0,0.0,70030.09765625,70028.5578125,,70355.97110822402,70142.01732891906,59.53658816869757,213.9537793049676,119.73855541675199,94.21522388821562,70030.09765625,71057.82462702032,69002.37068547968,566.8800223214286
2026-03-11 21:00:00+00:00,70660.984375,70771.0546875,70526.9609375,70742.6796875,0,0.0,0.0,70062.75703125,70062.33609375,,70415.46473580494,70186.51083696209,65.5994075228294,228.95389884285396,141.58162410197238,87.37227474088158,70062.75703125,71138.80933833722,68986.70472416279,551.4665178571429
2026-03-11 22:00:00+00:00,70762.3359375,70901.875,70327.4140625,70359.6875,0,0.0,0.0,70091.237109375,70089.00609375,,70406.88362260417,70199.33873792786,59.496739074616144,207.54488467631745,154.7742762168414,52.77060845947605,70091.237109375,71167.05421151269,69015.4200072373,574.6545758928571
2026-03-11 23:00:00+00:00,70375.9453125,70507.0234375,70165.6640625,70190.3671875,0,0.0,0.0,70122.162109375,70112.6190625,,70373.57340181891,70198.67417863691,60.39882891186394,174.89922318200115,158.79926560987337,16.099957572127778,70122.162109375,71170.32050651356,69074.00371223644,575.6517857142857
2026-03-12 00:00:00+00:00,70202.765625,70357.203125,70170.671875,70248.6640625,0,0.0,0.0,70127.45546875,70144.49734375,,70354.35658038523,70202.37713299714,58.6555752458995,151.9794473880902,157.43530196551674,-5.45585457742655,70127.45546875,71177.12084686969,69077.79009063033,568.7918526785714
2026-03-12 01:00:00+00:00,70225.3671875,70225.3671875,69795.2578125,69807.671875,0,0.0,0.0,70140.223828125,70172.6215625,,70270.25124109519,70173.13970647883,57.668639433213116,97.11153461635695,145.37054849568477,-48.259013879327824,70140.223828125,71166.38070381487,69114.06695243514,572.7550223214286
2026-03-12 02:00:00+00:00,69841.84375,69878.34375,69252.6015625,69334.328125,0,0.0,0.0,70108.675390625,70176.96,,70126.26306938824,70111.00551525818,49.52308756354599,15.25755413006118,119.34794962256005,-104.09039549249887,70108.675390625,71194.53692599277,69022.81385525722,578.2818080357143
2026-03-12 03:00:00+00:00,69305.109375,69606.9765625,69305.109375,69437.1015625,0,0.0,0.0,70097.206640625,70180.0528125,,70020.23822217467,70061.08670394275,38.601823708206695,-40.84848176808737,87.30866334443058,-128.15714511251795,70097.206640625,71207.30796458786,68987.10531666213,479.6841517857143
2026-03-12 04:00:00+00:00,69468.0546875,69652.890625,69326.4921875,69403.859375,0,0.0,0.0,70085.534375,70162.47671875,,69925.41070722471,70012.40319809514,27.147664318825548,-86.99249087042699,52.44843250145907,-139.44092337188607,70085.534375,71220.62438288666,68950.44436711335,440.75502232142856
2026-03-12 05:00:00+00:00,69380.015625,69532.65625,69242.03125,69437.375,0,0.0,0.0,70086.844140625,70162.1384375,,69850.3282907286,69969.80851675475,32.746157175143054,-119.48022602614947,18.06270079593736,-137.54292682208683,70086.844140625,71218.71369974966,68954.97458150036,401.45814732142856
2026-03-12 06:00:00+00:00,69454.578125,69543.7734375,69376.046875,69463.3359375,42287104,0.0,0.0,70078.638671875,70149.7640625,,69790.79100561651,69932.29202940255,24.438225516573212,-141.5010237860406,-13.850044120458232,-127.65097966558237,70078.638671875,71226.79324806103,68930.48409568897,374.09263392857144
2026-03-12 07:00:00+00:00,69486.75,69847.9140625,69447.0234375,69813.4296875,39161856,0.0,0.0,70106.916796875,70146.69375,69515.8673046875,69794.27387975244,69923.48741148385,28.422772881887937,-129.2135317314096,-36.92274164264851,-92.2907900887611,70106.916796875,71195.21739587303,69018.61619787697,348.05636160714283
2026-03-12 08:00:00+00:00,69831.0390625,70051.109375,69726.53125,69851.5390625,563331072,0.0,0.0,70130.8703125,70145.59359375,69524.19703125,69803.08390786745,69918.15790415171,31.4458097690042,-115.07399628426356,-52.552992570971526,-62.52100371329203,70130.8703125,71171.13544630434,69090.60517869567,341.8208705357143
2026-03-12 09:00:00+00:00,69898.03125,70314.84375,69634.1640625,69976.53125,470585344,0.0,0.0,70120.37109375,70138.346875,69531.9608984375,69829.76811434938,69922.48185569602,35.06096943083939,-92.71374134664075,-60.58514232610538,-32.12859902053537,70120.37109375,71162.50850558211,69078.23368191789,368.0463169642857
2026-03-12 10:00:00+00:00,70041.3515625,70469.5703125,69894.4765625,70457.4765625,207564800,0.0,0.0,70108.6953125,70134.39265625,69542.701796875,69926.33864483409,69962.11109323705,46.27432872993885,-35.772448402960435,-55.62260354147639,19.85015513851595,70108.6953125,71128.91660082692,69088.47402417308,392.38950892857144
2026-03-12 11:00:00+00:00,70409.8125,70743.3203125,70405.15625,70452.9453125,506089472,0.0,0.0,70117.425,70122.7625,69556.6212109375,70007.35505524423,69998.46918355282,44.67225596616539,8.885871691411012,-42.720908494898914,51.606780186309926,70117.425,71146.70632177619,69088.14367822382,399.1088169642857
2026-03-12 12:00:00+00:00,70438.421875,70604.1953125,70312.3984375,70376.8203125,0,0.0,0.0,70107.652734375,70114.031875,69569.4455078125,70064.1958640528,70026.49519310446,50.355122147120646,37.70067094833939,-26.636592606251252,64.33726355459065,70107.652734375,71122.35945139488,69092.94601735513,378.9185267857143
2026-03-12 13:00:00+00:00,70394.90625,70536.6328125,69765.0234375,69858.9140625,0,0.0,0.0,70060.51796875,70098.96,69577.3854296875,70032.6140484293,70014.08177602265,43.997215509386336,18.53227240665001,-17.602819603671,36.13509201032101,70060.51796875,71025.87610383642,69095.1598336636,409.65066964285717
2026-03-12 14:00:00+00:00,69975.453125,70519.6015625,69426.078125,69529.3515625,0,0.0,0.0,70003.7578125,70079.37890625,69582.6009765625,69955.18905059402,69978.17583428023,38.13835324188113,-22.9867836862104,-18.679612420178884,-4.307171266031517,70003.7578125,70952.93425879139,69054.58136620861,474.43582589285717
2026-03-12 15:00:00+00:00,69610.9921875,70551.171875,69575.453125,70270.5234375,104935424,0.0,0.0,69983.905078125,70085.30671875,69586.17125,70003.70203319495,69999.83121229651,56.94498172465776,3.8708208984317025,-14.169525756456768,18.04034665488847,69983.905078125,70890.26500658074,69077.54514966925,515.0368303571429
2026-03-12 16:00:00+00:00,70318.53125,70542.9921875,69966.234375,70422.5625,127213568,0.0,0.0,69971.758203125,70065.045,69583.1419140625,70068.14210501111,70031.1446410153,68.07116687943042,36.997463995809085,-3.936127806003598,40.93359180181268,69971.758203125,70845.58430703077,69097.93209921924,511.53794642857144
2026-03-12 17:00:00+00:00,70408.3125,70549.390625,70193.0390625,70276.96875,0,0.0,0.0,69948.47265625,70043.37109375,69577.163203125,70100.26928116324,70049.35383427342,63.75123118052624,50.91544688981958,7.034187133161039,43.88125975665854,69948.47265625,70758.27529541019,69138.67001708981,515.4296875
2026-03-12 18:00:00+00:00,70240.9921875,70269.046875,69830.15625,69830.15625,0,0.0,0.0,69921.99609375,70015.43453125,69570.0131640625,70058.71343021505,70033.1169761791,56.14728427162241,25.596454035956413,10.746640513720115,14.849813522236298,69921.99609375,70709.50882719929,69134.48336030071,524.0306919642857
2026-03-12 19:00:00+00:00,69900.21875,70557.953125,69825.1015625,70520.96875,119939072,0.0,0.0,69938.526171875,70007.856875,69566.962421875,70129.8296332589,70069.25414461027,63.13556432733031,60.57548864862474,20.712410140701042,39.8630785079237,69938.526171875,70762.77929851765,69114.27304523234,555.6183035714286
2026-03-12 20:00:00+00:00,70487.4765625,70540.984375,70155.8515625,70189.828125,304300032,0.0,0.0,69935.584375,70012.25734375,69561.2116015625,70139.06017044984,70078.18555056506,58.19998977106587,60.87461988478026,28.744852089516886,32.129767795263376,69935.584375,70755.5858970489,69115.5828529511,571.1473214285714
2026-03-12 21:00:00+00:00,70215.859375,70434.609375,70215.859375,70371.6953125,0,0.0,0.0,69963.785546875,70019.669375,69555.6356640625,70174.85019230371,70099.9270144121,56.54993895352035,74.92317789161461,37.98051724993643,36.94266064167818,69963.785546875,70803.81523018767,69123.75586356234,559.9966517857143
2026-03-12 22:00:00+00:00,70298.6796875,70298.6796875,70041.546875,70132.71875,0,0.0,0.0,70003.705078125,70017.23375,69548.156953125,70168.36843194929,70102.35603186305,53.15048923576279,66.01240008624154,43.586893817197456,22.425506269044085,70003.705078125,70792.07945869092,69215.33069755908,560.39453125
2026-03-12 23:00:00+00:00,70210.5546875,70712.6171875,70210.5546875,70492.3671875,582909952,0.0,0.0,70056.468359375,70031.45546875,69534.3931640625,70218.2143943417,70131.24574709541,55.490966064736966,86.96864724629268,52.2632445030165,34.705402743276174,70056.468359375,70826.20640298192,69286.73031576807,553.1958705357143
2026-03-13 00:00:00+00:00,70446.8671875,71953.484375,70426.640625,71391.15625,3419000832,0.0,0.0,70155.833203125,70065.118125,69524.2948828125,70398.6669875199,70224.57245101428,59.12692048625589,174.094536505625,76.6295029035382,97.4650336020868,70155.833203125,71070.32298901479,69241.34341723521,621.1780133928571
2026-03-13 01:00:00+00:00,71624.4140625,71684.4375,71329.6796875,71636.0703125,569339904,0.0,0.0,70265.76796875,70099.45640625,69516.2168359375,70589.03672982453,70329.12784816137,61.046177456578256,259.9088816631556,113.28537865546168,146.62350300769396,70265.76796875,71332.54783622449,69198.98810127552,622.36328125
2026-03-13 02:00:00+00:00,71657.53125,71657.53125,71095.921875,71166.265625,23027712,0.0,0.0,70350.914453125,70120.90625,69504.066484375,70677.84117523613,70391.13805385312,56.8658892722561,286.70312138300505,147.96892720097037,138.73419418203468,70350.914453125,71419.86297681686,69281.96592943315,641.6356026785714
2026-03-13 03:00:00+00:00,71170.2734375,71445.34375,71045.5234375,71403.625,222846976,0.0,0.0,70430.42421875,70147.18890625,69492.494921875,70789.5002251998,70466.13708690104,64.12373726189949,323.36313829875144,183.0477694205266,140.31536887822483,70430.42421875,71565.55375557941,69295.2946819206,615.0792410714286
2026-03-13 04:00:00+00:00,71404.71875,71477.6015625,71264.125,71335.875,584400896,0.0,0.0,70504.641015625,70178.1046875,69483.39015625,70873.55788286137,70530.56211750096,67.34813303223774,342.99576536040695,215.03736860850267,127.95839675190427,70504.641015625,71673.98955174864,69335.29247950137,552.21875
2026-03-13 05:00:00+00:00,71357.265625,71608.5859375,71250.8984375,71604.609375,0,0.0,0.0,70586.044921875,70218.75953125,69474.8208984375,70986.02734319039,70610.121173612,64.08975169270425,375.9061695783894,247.21112880248,128.69504077590938,70586.044921875,71825.1901742215,69346.8996695285,504.7806919642857
2026-03-13 06:00:00+00:00,71569.609375,71584.1171875,71193.234375,71342.6640625,1116696576,0.0,0.0,70630.304296875,70242.756875,69467.7569921875,71040.89453077648,70664.38360982592,59.49704137240324,376.51092095056083,273.07108723209615,103.43983371846468,70630.304296875,71912.59660269058,69348.01199105941,492.96763392857144
2026-03-13 07:00:00+00:00,71324.0703125,71651.875,71255.9765625,71651.875,347213824,0.0,0.0,70690.25078125,70284.74828125,69462.6657421875,71134.89152604164,70737.53112020918,63.72774160132544,397.3604058324563,297.9289509521682,99.43145488028813,70690.25078125,72047.5374143411,69332.96414815889,495.7924107142857
2026-03-13 08:00:00+00:00,71622.6953125,72046.7265625,71399.765625,71784.875,1098498048,0.0,0.0,70760.653515625,70321.13984375,69457.4755859375,71234.88898357369,70815.11214834184,70.82166883590257,419.7768352318526,322.29852780810506,97.47830742374754,70760.653515625,72193.45797153292,69327.84905971709,510.08872767857144
2026-03-13 09:00:00+00:00,71818.421875,72088.8359375,71657.7890625,72038.1171875,0,0.0,0.0,70869.613671875,70368.57265625,69455.2017578125,71358.4625534085,70905.70511420541,67.82203932696666,452.7574392030947,348.39031008710305,104.36712911599164,70869.613671875,72344.50842071699,69394.71892303303,488.53125
2026-03-13 10:00:00+00:00,72019.6953125,72571.53125,72019.6953125,72489.6875,1934700544,0.0,0.0,71017.63046875,70425.6203125,69455.4046875,71532.49716057643,71023.03714278278,76.273222522098,509.4600177936518,380.60425162841284,128.85576616523895,71017.63046875,72520.11271065392,69515.14822684607,500.43861607142856
2026-03-13 11:00:00+00:00,72475.3828125,72513.5078125,72245.921875,72254.34375,0,0.0,0.0,71116.821484375,70482.48359375,69454.1107421875,71643.55048202621,71114.24503961368,71.24746727516722,529.3054424125294,410.34448978523614,118.96095262729324,71116.821484375,72672.61979944885,69561.02316930116,502.06752232142856
2026-03-13 12:00:00+00:00,72235.890625,72853.28125,72235.890625,72853.28125,0,0.0,0.0,71238.357421875,70547.0003125,69454.2608984375,71829.66290786833,71243.06253667934,78.39687385835812,586.6003711889934,445.5956660659876,141.00470512300586,71238.357421875,72938.83984164856,69537.87500210144,522.5848214285714
2026-03-13 13:00:00+00:00,72793.6484375,73580.6015625,72710.453125,73510.8046875,2515722240,0.0,0.0,71400.04921875,70632.2590625,69460.37859375,72088.30010473474,71411.04343674013,79.66158948532122,677.256667994603,491.92786645171077,185.32880154289228,71400.04921875,73316.85334832052,69483.24508917949,543.3169642857143
2026-03-13 14:00:00+00:00,73410.1953125,73854.28125,72419.109375,72419.109375,2514821120,0.0,0.0,71529.496875,70693.191875,69459.6705859375,72139.1938386217,71485.71498772234,59.73250371317155,653.4788508993515,524.238063341239,129.24078755811252,71529.496875,73347.01059564386,69711.98315435613,536.7689732142857
2026-03-13 15:00:00+00:00,72419.8515625,72776.7734375,71764.828125,71798.3359375,2530959360,0.0,0.0,71593.365234375,70725.42828125,69458.6900390625,72086.75416152606,71508.87209511329,51.43422982479884,577.8820664127707,534.9668639555454,42.91520245722529,71593.365234375,73350.42639968162,69836.30406906838,583.7109375
2026-03-13 16:00:00+00:00,71860.2421875,72076.578125,71175.7109375,71934.0859375,1378779136,0.0,0.0,71680.578125,70750.29015625,69456.489609375,72063.26674244512,71540.36941677156,57.212511540047814,522.8973256735626,532.5529562991488,-9.655630625586241,71680.578125,73313.0483954028,70048.1078545972,607.9436383928571
2026-03-13 17:00:00+00:00,71889.2265625,72220.09375,70943.7109375,71003.5703125,1685139456,0.0,0.0,71712.171875,70764.79453125,69448.5124609375,71900.23652245358,71500.60652015885,46.675073079954856,399.6300022947253,505.9683654982641,-106.33836320353885,71712.171875,73260.26123617393,70164.08251382607,670.5552455357143
2026-03-13 18:00:00+00:00,71028.09375,71294.5234375,70936.8125,71069.2734375,0,0.0,0.0,71758.999609375,70774.7346875,69436.9084765625,71772.39604784534,71468.65592144338,47.78347200841793,303.74012640195724,465.52271767900277,-161.78259127704553,71758.999609375,73155.12565375926,70362.87356499073,680.8577008928571
2026-03-13 19:00:00+00:00,71056.78125,71283.0078125,71023.6953125,71159.5390625,1672425472,0.0,0.0,71792.358203125,70781.89328125,69428.3239453125,71678.1103577922,71445.75837633647,46.18651272322713,232.35198145573668,418.88857043434956,-186.53658897861288,71792.358203125,73089.42266329029,70495.29374295971,673.8309151785714
2026-03-13 20:00:00+00:00,71175.09375,71450.2265625,71166.1328125,71357.3984375,55992320,0.0,0.0,71790.6703125,70795.75015625,69420.307421875,71628.77006236263,71439.21319568192,50.12765012765013,189.55686668070848,373.0222296836214,-183.4653630029129,71790.6703125,73090.01889639153,70491.32172860848,665.2103794642857
2026-03-13 21:00:00+00:00,71349.578125,71482.953125,71096.640625,71161.375,403816448,0.0,0.0,71766.935546875,70805.62609375,69413.69265625,71556.86312969145,71418.63258859437,45.66558508802209,138.23054109708755,326.0638919663146,-187.83335086922705,71766.935546875,73095.19532449765,70438.67576925235,664.5256696428571
2026-03-13 22:00:00+00:00,71110.5234375,71156.7734375,70570.5546875,70794.5234375,498339840,0.0,0.0,71748.3484375,70808.2065625,69404.108828125,71439.58010012354,71372.4022811059,41.59587261977531,67.17781901764101,274.2866773765799,-207.1088583589389,71748.3484375,73121.64052647175,70375.05634852825,660.515625
2026-03-13 23:00:00+00:00,70797.015625,70987.4921875,70723.421875,70941.1875,0,0.0,0.0,71725.2265625,70812.17671875,69401.4097265625,71362.90431548916,71340.46044546843,40.51997121023683,22.443870020724717,223.91811590540888,-201.47424588468417,71725.2265625,73137.9622532301,70312.4908717699,648.5887276785714
2026-03-14 00:00:00+00:00,70952.3359375,70952.3359375,70573.3828125,70684.9921875,0,0.0,0.0,71692.682421875,70818.6828125,69398.2398046875,71258.61014195236,71291.90724117447,33.85811695617113,-33.297099222108955,172.47507287990533,-205.77217210201428,71692.682421875,73171.61985126762,70213.74499248237,636.2399553571429
2026-03-14 01:00:00+00:00,70691.6015625,70885.359375,70507.8828125,70862.96875,0,0.0,0.0,71655.600390625,70832.13484375,69398.368203125,71197.74223549815,71260.13401960599,37.4259732557647,-62.39178410783643,125.50170148235698,-187.8934855901934,71655.600390625,73180.31827618911,70130.88250506089,644.0892857142857
2026-03-14 02:00:00+00:00,70794.109375,70889.0703125,70752.546875,70859.34375,0,0.0,0.0,71631.434375,70844.3484375,69397.7585546875,71145.6809300369,71230.44585148703,29.807908352980277,-84.7649214501289,83.44837689585981,-168.2132983459887,71631.434375,73191.93682857814,70070.93192142186,609.7416294642857
2026-03-14 03:00:00+00:00,70800.71875,71155.03125,70800.71875,71072.2265625,433008640,0.0,0.0,71602.451953125,70869.63953125,69398.3573828125,71134.38025810815,71218.72590415466,22.861152265091917,-84.3456460465095,49.88957230738595,-134.23521835389545,71602.451953125,73182.76128354218,70022.14262270782,572.8962053571429
2026-03-14 04:00:00+00:00,71090.21875,71281.6796875,71032.5546875,71032.5546875,0,0.0,0.0,71564.8359375,70903.6040625,69397.2222265625,71118.7147857069,71204.93544366173,29.851027548891153,-86.22065795482195,22.667526254944374,-108.88818420976632,71564.8359375,73162.58098907954,69967.09088592046,488.17857142857144
2026-03-14 05:00:00+00:00,71038.8046875,71125.671875,70963.28125,71026.6796875,0,0.0,0.0,71514.2640625,70935.395625,69396.6579296875,71104.55553982891,71191.73131357567,36.346520693373144,-87.17577374675602,0.6988662546042939,-87.87464000136032,71514.2640625,73112.96193091568,69915.56619408433,427.49609375
2026-03-14 06:00:00+00:00,71025.7109375,71025.7109375,70436.75,70656.875,0,0.0,0.0,71422.6234375,70960.4559375,69393.712265625,71035.68161062447,71152.1123273849,29.129954119422266,-116.43071676042746,-22.727050348402056,-93.7036664120254,71422.6234375,72995.81467577151,69849.4321992285,405.28627232142856
2026-03-14 07:00:00+00:00,70677.953125,70732.9921875,70531.2578125,70613.203125,0,0.0,0.0,71340.56640625,70983.9725,69392.824375,70970.6849205284,71112.19312720824,41.018072787278946,-141.50820667984954,-46.48328161469155,-95.02492506515799,71340.56640625,72902.25618805613,69778.87662444387,328.52566964285717
2026-03-14 08:00:00+00:00,70599.90625,70686.3515625,70556.3359375,70583.171875,0,0.0,0.0,71227.0609375,71006.36921875,69391.098125,70911.06752890864,71073.00636778542,38.62866291161495,-161.93883887678385,-69.57439306711001,-92.36444580967384,71227.0609375,72649.61065566412,69804.5112193359,312.26171875
2026-03-14 09:00:00+00:00,70589.4375,70711.1484375,70435.734375,70546.7421875,0,0.0,0.0,71078.8578125,71021.03546875,69387.607890625,70855.01747638424,71034.02383591242,35.29449260581336,-179.00635952818266,-91.46078635932454,-87.54557316885811,71078.8578125,72043.53843473223,70114.17719026779,313.41183035714283
2026-03-14 10:00:00+00:00,70539.640625,70575.28125,70421.6875,70563.671875,0,0.0,0.0,70986.0859375,71035.278125,69384.3682421875,70810.19507617128,70999.1829499189,29.1413625034389,-188.9878737476247,-110.96620383698458,-78.02166991064011,70986.0859375,71742.44859382135,70229.72328117865,303.61941964285717
2026-03-14 11:00:00+00:00,70570.9140625,70769.859375,70570.9140625,70723.2890625,0,0.0,0.0,70932.33359375,71050.21328125,69382.6101171875,70796.82492022186,70978.74636566566,38.262787962005554,-181.92144544380426,-125.15725215834851,-56.76419328545575,70932.33359375,71592.30601235319,70272.3611751468,290.7533482142857
2026-03-14 12:00:00+00:00,70739.1875,70829.484375,70638.3203125,70731.0390625,0,0.0,0.0,70872.18125,71055.68453125,69383.2905859375,70786.70401903387,70960.39767654228,47.89385833955379,-173.69365750841098,-134.864533228361,-38.82912428004997,70872.18125,71338.65124321009,70405.7112567899,262.2064732142857
2026-03-14 13:00:00+00:00,70747.15625,70933.890625,70743.703125,70878.0546875,0,0.0,0.0,70865.90546875,71064.18671875,69385.4371484375,70800.75796802866,70954.29819587248,47.90601014733853,-153.54022784382687,-138.5996721514542,-14.94055569237267,70865.90546875,71328.29204934732,70403.51888815268,257.83370535714283
2026-03-14 14:00:00+00:00,70893.2265625,70951.0859375,70621.4921875,70632.640625,0,0.0,0.0,70844.073828125,71069.303125,69385.3757421875,70774.89376140886,70930.47170914119,48.251094860030165,-155.57794773232308,-141.995327267628,-13.582620464695083,70844.073828125,71307.26140137707,70380.88625487292,254.30803571428572
2026-03-14 15:00:00+00:00,70606.5625,70729.8828125,70522.859375,70603.828125,0,0.0,0.0,70816.28828125,71084.20140625,69383.0091015625,70748.57597119211,70906.27588809369,40.38461538461538,-157.69991690157622,-145.13624519441765,-12.563671707158562,70816.28828125,71266.27937111264,70366.29719138736,242.1328125
2026-03-14 16:00:00+00:00,70607.3671875,70710.1015625,70512.34375,70682.078125,0,0.0,0.0,70782.522265625,71107.2559375,69382.6066015625,70738.3455333164,70889.66864638306,43.76771627590147,-151.3231130666536,-146.37361876886484,-4.94949429778876,70782.522265625,71156.47587889244,70408.56865235756,246.50669642857142
2026-03-14 17:00:00+00:00,70684.8125,70728.828125,70596.8125,70619.96875,0,0.0,0.0,70755.451953125,71114.24484375,69382.88140625,70720.1337204985,70869.6908762806,32.213940284016545,-149.55715578209492,-147.01032617151088,-2.546829610584041,70755.451953125,71090.26829331659,70420.6356129334,230.62834821428572
2026-03-14 18:00:00+00:00,70624.1640625,70702.7109375,70581.5703125,70702.7109375,0,0.0,0.0,70750.861328125,71119.8478125,69383.6367578125,70717.45329234489,70857.32199192648,37.45319465081724,-139.86869958159514,-145.58200085352775,5.7133012719326075,70750.861328125,71085.93962846743,70415.78302778257,221.48660714285714
2026-03-14 19:00:00+00:00,70678.34375,70736.296875,70620.90625,70711.6171875,0,0.0,0.0,70739.3828125,71128.54078125,69386.1831640625,70716.55543006105,70846.52904345044,38.04302707574805,-129.97361338938936,-142.46032336070007,12.486709971310717,70739.3828125,71062.52491727272,70416.24070772728,218.12946428571428
2026-03-14 20:00:00+00:00,70711.78125,70854.203125,70665.1796875,70844.234375,0,0.0,0.0,70747.344921875,71148.82234375,69390.3340234375,70736.19834466705,70846.35906800967,58.671661435658606,-110.16072334261844,-136.00040335708377,25.83968001446533,70747.344921875,71072.68409736722,70422.00574638278,189.49330357142858
2026-03-14 21:00:00+00:00,70825.25,70825.25,70679.1328125,70808.8984375,0,0.0,0.0,70744.64140625,71154.5809375,69397.58359375,70747.38297433365,70843.58420649043,59.1279124851506,-96.2012321567745,-128.04056911702193,31.839336960247437,70744.64140625,71066.81830649455,70422.46450600545,186.87667410714286
2026-03-14 22:00:00+00:00,70790.6171875,70805.84375,70711.984375,70727.6171875,0,0.0,0.0,70738.055078125,71165.33671875,69409.5150390625,70744.34208405155,70834.99405693558,56.43001718009891,-90.65197288403579,-120.56284987042471,29.910876986388928,70738.055078125,71055.71291738043,70420.39723886958,184.51227678571428
2026-03-14 23:00:00+00:00,70722.0390625,71239.0859375,70722.0390625,71236.1328125,0,0.0,0.0,70746.250390625,71182.62546875,69422.980546875,70820.00219612053,70864.70803882925,71.60696970587371,-44.70584270871768,-105.39144843808332,60.68560572936563,70746.250390625,71105.8915784961,70386.60920275391,201.77176339285714
2026-03-15 00:00:00+00:00,71214.4296875,71214.4296875,70983.21875,71006.421875,0,0.0,0.0,70744.94375,71200.09953125,69435.661640625,70848.68214671737,70875.20536002709,62.24366342024076,-26.523213309716084,-89.61780141240988,63.09458810269379,70744.94375,71100.37036652595,70389.51713347406,208.86607142857142
2026-03-15 01:00:00+00:00,70994.328125,71038.1796875,70897.6171875,71028.921875,0,0.0,0.0,70745.055859375,71210.830625,69450.867109375,70876.41133568392,70886.5917685436,59.145420627165315,-10.18043285967724,-73.73032770186335,63.549894842186106,70745.055859375,71100.85786356182,70389.25385518819,204.17857142857142
2026-03-15 02:00:00+00:00,71088.8984375,71575.921875,71088.8984375,71461.34375,434233344,0.0,0.0,70785.279296875,71212.234375,69467.22078125,70966.4009378864,70929.16598939222,67.42444294496367,37.23494849418057,-51.53727246265456,88.77222095683513,70785.279296875,71260.84224177749,70309.71635197251,229.59542410714286
2026-03-15 03:00:00+00:00,71460.5234375,71514.4140625,71286.0234375,71325.859375,0,0.0,0.0,70820.912109375,71206.03015625,69483.3030078125,71021.70223590388,70958.55068462243,60.74335088935955,63.15155128145125,-28.599507713833404,91.75105899528465,70820.912109375,71346.36594020494,70295.45827854506,231.41964285714286
2026-03-15 04:00:00+00:00,71343.453125,71650.640625,71343.453125,71535.2265625,0,0.0,0.0,70868.51484375,71213.409375,69500.2519140625,71100.70597845713,71001.26741631706,72.03520108639677,99.43856214007246,-2.9918937430522305,102.4304558831247,70868.51484375,71470.24699645389,70266.78269104612,231.07589285714286
2026-03-15 05:00:00+00:00,71552.046875,71729.515625,71483.0390625,71504.1875,299008000,0.0,0.0,70916.387109375,71215.420625,69516.3798828125,71162.7800586945,71038.52075584912,71.95697236659605,124.25930284537026,22.45834557463227,101.800957270738,70916.387109375,71561.13831057161,70271.6359081784,233.89397321428572
2026-03-15 06:00:00+00:00,71500.4453125,71592.734375,71409.25,71451.53125,0,0.0,0.0,70960.780078125,71217.73375,69531.518046875,71207.20331889534,71069.11412578623,69.00177496527242,138.08919310910278,45.584515081526376,92.5046780275764,70960.780078125,71625.23886549812,70296.32129075188,232.87444196428572
2026-03-15 07:00:00+00:00,71456.875,71656.3125,71424.15625,71441.8359375,0,0.0,0.0,70996.707421875,71214.47828125,69548.128984375,71243.30064483451,71096.72314887613,70.8355284787939,146.5774959583796,65.78311125689703,80.79438470148256,70996.707421875,71684.39589285514,70309.01895089487,240.02734375
2026-03-15 08:00:00+00:00,71449.0234375,71668.984375,71449.0234375,71629.4296875,0,0.0,0.0,71041.626953125,71220.21359375,69564.7148828125,71302.70511293689,71136.18289247791,72.30772702653908,166.52222045898088,85.93093309731381,80.59128736166707,71041.626953125,71772.27206242809,70310.98184382191,247.59933035714286
2026-03-15 09:00:00+00:00,71818.2109375,71932.8984375,71723.515625,71810.9140625,225181696,0.0,0.0,71088.269921875,71223.394375,69582.366328125,71380.89110517738,71186.16297914622,74.43204311680013,194.72812603115744,107.69037168408255,87.0377543470749,71088.269921875,71890.54120421207,70285.99863953794,261.03348214285717
2026-03-15 10:00:00+00:00,71799.3671875,71915.4375,71753.6953125,71790.0,0,0.0,0.0,71146.137890625,71223.496875,69599.8258203125,71443.8309351501,71230.89164735761,72.11799871375118,212.9392877924838,128.7401549057628,84.199132886721,71146.137890625,71976.50106544071,70315.7747158093,259.08482142857144
2026-03-15 11:00:00+00:00,71787.21875,71881.84375,71677.78125,71843.15625,216363008,0.0,0.0,71208.104296875,71219.59765625,69618.3753515625,71505.26559897316,71276.24458088668,73.98756998677273,229.0210180864815,148.79632754190655,80.22469054457494,71208.104296875,72052.91224904929,70363.2963447007,261.8677455357143
2026-03-15 12:00:00+00:00,71832.7734375,71832.7734375,71593.984375,71609.4296875,17004544,0.0,0.0,71254.471875,71201.9925,69636.0417578125,71521.2908433619,71300.92495915433,69.10119204760068,220.36588420756743,163.11023887503873,57.2556453325287,71254.471875,72079.27638145939,70429.66736854061,272.74330357142856
2026-03-15 13:00:00+00:00,71616.875,71666.3203125,71299.9921875,71545.3359375,924372992,0.0,0.0,71300.740234375,71187.81234375,69653.778046875,71524.99008861392,71319.02947606883,58.294770551447776,205.9606125450955,171.6803136090501,34.2802989360454,71300.740234375,72078.13523883323,70523.34522991677,261.97767857142856
2026-03-15 14:00:00+00:00,71610.1328125,71613.40625,71359.5859375,71611.015625,63881216,0.0,0.0,71346.15546875,71162.96703125,69673.107265625,71538.22478651948,71340.65807969336,67.78413060264,197.56670682612457,176.857592252465,20.709114573659576,71346.15546875,72081.43345046617,70610.87748703384,262.0424107142857
2026-03-15 15:00:00+00:00,71601.0625,71601.75,71445.8515625,71488.0625,0,0.0,0.0,71384.977734375,71122.5121875,69691.272890625,71530.50751167034,71351.576925642,62.75202444083772,178.9305860283348,177.27219100763895,1.658395020695849,71384.977734375,72058.59570096956,70711.35976778045,263.79966517857144
2026-03-15 16:00:00+00:00,71487.0546875,71570.828125,71339.46875,71431.0234375,0,0.0,0.0,71414.3171875,71102.75046875,69709.6121875,71515.20226949028,71357.4618524463,48.936041889409765,157.74041704398405,173.36583621490797,-15.62541917092392,71414.3171875,72038.0354587934,70790.5989162066,241.25390625
2026-03-15 17:00:00+00:00,71436.5234375,71987.2890625,71423.359375,71828.2578125,241055744,0.0,0.0,71465.28515625,71103.34890625,69728.6694921875,71563.36466072255,71392.3356272651,64.89353325088356,171.0290334574529,172.89847566341697,-1.8694422059640772,71465.28515625,72045.79792244421,70884.77239005579,265.22098214285717
2026-03-15 18:00:00+00:00,71801.2734375,71817.546875,71369.328125,71384.6484375,594319360,0.0,0.0,71498.13671875,71092.36015625,69746.17984375,71535.86985714985,71391.76620580102,46.08048090063122,144.10365134883614,167.13951080050083,-23.03585945166469,71498.13671875,71966.38998709746,71029.88345040254,274.80301339285717
2026-03-15 19:00:00+00:00,71417.765625,71559.4453125,71376.1796875,71558.015625,255500288,0.0,0.0,71514.230859375,71103.4490625,69763.865546875,71539.27689835757,71404.08097759353,51.30447953349237,135.19592076403205,160.7507927932071,-25.554872029175044,71514.230859375,71966.4183717227,71062.04334702731,270.28794642857144
2026-03-15 20:00:00+00:00,71562.3125,71870.953125,71451.8828125,71759.0625,166877184,0.0,0.0,71551.862890625,71117.24484375,69782.6854296875,71573.09006784101,71430.3759051792,56.95270661711719,142.7141626618104,157.14346676692776,-14.429304105117353,71551.862890625,71947.89545631262,71155.83032493737,287.11551339285717
2026-03-15 21:00:00+00:00,71730.75,72217.6796875,71636.0390625,72064.5703125,892504064,0.0,0.0,71603.6453125,71135.34546875,69803.3929296875,71648.70241317316,71477.35326868444,62.4178994728118,171.3491444887186,159.98460231128593,11.364542177432668,71603.6453125,71982.22207311584,71225.06855188415,312.0786830357143
2026-03-15 22:00:00+00:00,72108.640625,73034.6171875,71733.015625,72803.8671875,2847434752,0.0,0.0,71670.771484375,71164.27484375,69827.221640625,71826.4200707619,71575.61355896707,69.19574222481012,250.8065117948281,178.14898420799437,72.65752758683374,71670.771484375,72321.42881726376,71020.11415148624,388.82533482142856
2026-03-15 23:00:00+00:00,72734.5078125,73141.3515625,72450.0078125,72779.0,1400201216,0.0,0.0,71743.428515625,71196.62734375,69851.5621484375,71972.97082910623,71664.75329533988,66.67680522395894,308.21753376635024,204.16269411966556,104.05483964668468,71743.428515625,72540.07428367854,70946.78274757146,416.5306919642857
2026-03-16 00:00:00+00:00,72820.78125,72970.4921875,72487.046875,72550.0,756738048,0.0,0.0,71794.1671875,71231.736875,69875.2187109375,72061.74454770527,71730.3271253147,62.21637858717983,331.417422390572,229.61363977384684,101.80378261672519,71794.1671875,72661.13802152623,70927.19635347377,439.50948660714283
2026-03-16 01:00:00+00:00,72563.15625,72799.5078125,72323.09375,72753.078125,875393024,0.0,0.0,71856.61171875,71267.9746875,69900.0752734375,72168.10355959676,71806.08645862472,63.953716837908296,362.01710097203613,256.09433201348475,105.92276895855139,71856.61171875,72811.12654240392,70902.0968950961,458.96316964285717
2026-03-16 02:00:00+00:00,72738.9296875,72848.0703125,72405.796875,72568.953125,0,0.0,0.0,71912.4828125,71305.65390625,69924.9766015625,72229.77272350495,71862.59510057844,64.94166595700678,367.1776229265088,278.31099019608956,88.86663273041921,71912.4828125,72897.48899642829,70927.47662857172,472.75613839285717
2026-03-16 03:00:00+00:00,72541.921875,73984.296875,72458.3125,73661.484375,3331143680,0.0,0.0,72023.465234375,71361.62421875,69957.8058984375,72450.03605450419,71995.846157943,74.95848959245166,454.18989656119084,313.48677146910984,140.703125092081,72023.465234375,73254.62067299148,70792.30979575853,555.5887276785714
2026-03-16 04:00:00+00:00,73582.4296875,74363.125,73582.4296875,73880.3046875,2144870400,0.0,0.0,72136.008984375,71422.0434375,69990.1343359375,72670.0773826574,72135.43567865093,75.83154434873549,534.6417040064698,357.7177579765819,176.92394602988793,72136.008984375,73604.20153383416,70667.81643491585,593.22265625
2026-03-16 05:00:00+00:00,73836.765625,74193.4765625,73765.609375,74165.0859375,1195438080,0.0,0.0,72253.717578125,71483.900625,70023.7646875,72900.07869878704,72285.78014226937,79.39003449689596,614.2985565176641,409.0339176847983,205.26463883286578,72253.717578125,73968.87660303614,70538.55855321385,611.9871651785714
2026-03-16 06:00:00+00:00,74157.6328125,74173.2578125,73646.2890625,73748.71875,2087010304,0.0,0.0,72351.653515625,71538.22390625,70056.3049609375,73030.63870666595,72394.14596506424,73.58433567323057,636.4927416017163,454.5256824681819,181.96705913353435,72351.653515625,74175.56344749939,70527.74358375062,633.1021205357143
2026-03-16 07:00:00+00:00,73717.8828125,73912.3984375,73408.703125,73494.09375,1220030464,0.0,0.0,72434.200390625,71587.5721875,70087.4369140625,73101.9394825635,72475.62357876317,67.45784693077186,626.3159038003214,488.88372673460987,137.43217706571153,72434.200390625,74309.91195113397,70558.48883011604,628.7996651785714
2026-03-16 08:00:00+00:00,73458.265625,73761.78125,72931.9375,73123.546875,1563623424,0.0,0.0,72509.90625,71636.905625,70116.9121875,73105.26369678449,72523.61789700294,68.50694865957472,581.6457997815451,507.43614134399695,74.20965843754811,72509.90625,74367.59129194083,70652.22120805917,655.2935267857143
2026-03-16 09:00:00+00:00,73123.6953125,73313.125,73069.9140625,73263.0703125,496054272,0.0,0.0,72595.79296875,71689.90296875,70146.743984375,73129.5416376638,72578.39215000272,68.2784288961436,551.1494876610814,516.1788106074139,34.97067705366749,72595.79296875,74424.31263429618,70767.27330320382,659.5753348214286
2026-03-16 10:00:00+00:00,73261.8359375,73722.40625,73218.9765625,73722.40625,637136896,0.0,0.0,72701.3625,71752.68765625,70180.5719921875,73220.75157802322,72663.1339351877,69.94292679520305,557.6176428355247,524.4665770530361,33.15106578248867,72701.3625,74534.28494903177,70868.44005096823,665.6010044642857
2026-03-16 11:00:00+00:00,73773.65625,73788.40625,73535.3984375,73562.8046875,658067456,0.0,0.0,72805.099609375,71813.00890625,70213.1342578125,73273.37513332734,72729.77621313676,65.6833913430336,543.5989201905759,528.2930456805441,15.3058745100318,72805.099609375,74582.90904442687,71027.29017432313,642.1272321428571
2026-03-16 12:00:00+00:00,73561.6640625,74002.421875,73507.6484375,73844.8828125,1360379904,0.0,0.0,72925.792578125,71878.633125,70249.12109375,73361.2993916616,72812.37670197847,62.050796935253985,548.9226896831242,532.4189744810601,16.503715202064086,72925.792578125,74637.33901762779,71214.2461386222,584.4966517857143
2026-03-16 13:00:00+00:00,73881.6328125,74458.6484375,73824.3359375,74043.6484375,0,0.0,0.0,73036.562109375,71945.0403125,70283.4838671875,73466.27616794442,72903.5820157208,64.07297866384295,562.6941522236157,538.4740100295712,24.220142194044456,73036.562109375,74735.74021712043,71337.38400162956,580.4229910714286
2026-03-16 14:00:00+00:00,74075.6796875,74414.765625,73064.859375,73457.046875,3715604480,0.0,0.0,73140.18203125,71999.56046875,70314.8149609375,73464.8562767222,72944.57941270445,59.34949267192785,520.2768640177528,534.8345808272076,-14.557716809454746,73140.18203125,74658.31638099116,71622.04768150885,642.3130580357143
2026-03-16 15:00:00+00:00,73540.890625,73896.921875,73232.28125,73245.90625,519004160,0.0,0.0,73224.5765625,72046.9175,70344.6558984375,73431.17165722648,72966.89991917078,55.07145475711171,464.27173805570055,520.7220122729062,-56.450274217205674,73224.5765625,74547.48841289672,71901.66471210329,655.7578125
2026-03-16 16:00:00+00:00,73281.421875,73838.9140625,73198.8125,73773.3828125,2563309568,0.0,0.0,73325.292578125,72109.73234375,70375.8331640625,73483.81952726856,73026.63939275073,61.57616751341456,457.1801345178246,508.01363672188995,-50.833502204065326,73325.292578125,74473.61285210018,72176.97230414981,669.8883928571429
2026-03-16 17:00:00+00:00,73922.1328125,74036.5234375,73662.7890625,73962.015625,2005553152,0.0,0.0,73420.16484375,72176.89609375,70406.9733203125,73557.38815768878,73095.92652106548,53.49593407272502,461.4616366232949,498.70323670217095,-37.24160007887605,73420.16484375,74435.78164538644,72404.54804211356,587.5848214285714
2026-03-16 18:00:00+00:00,73947.9609375,74336.2578125,73940.4765625,73971.0625,1385996288,0.0,0.0,73478.524609375,72242.67578125,70437.36109375,73621.0303641982,73160.75140839397,51.10990940723939,460.27895580422773,491.01838052258233,-30.7394247183546,73478.524609375,74479.05775657583,72477.99146217418,560.0909598214286
2026-03-16 19:00:00+00:00,73881.65625,74242.9765625,73858.8359375,73962.578125,1490034688,0.0,0.0,73537.703515625,72309.52796875,70469.4858203125,73673.57617355233,73220.14597999443,47.34396934206347,453.43019355789875,483.5007431296457,-30.070549571746938,73537.703515625,74503.43165831755,72571.97537293246,556.9676339285714
2026-03-16 20:00:00+00:00,73980.8671875,74232.4921875,73868.8828125,74219.015625,190033920,0.0,0.0,73621.154296875,72379.8540625,70504.0512890625,73757.48993531351,73294.13632406891,56.43837140155809,463.3536112446018,479.47131675263694,-16.117705508035158,73621.154296875,74513.14719445391,72729.16139929609,545.2991071428571
2026-03-16 21:00:00+00:00,74219.2578125,74702.5390625,74183.3203125,74416.984375,1580359680,0.0,0.0,73704.349609375,72453.96140625,70539.848515625,73858.9506183422,73377.31025376751,62.833465872301964,481.64036457469047,479.9051263170477,1.7352382576427772,73704.349609375,74565.27981462183,72843.41940412817,546.4079241071429
2026-03-16 22:00:00+00:00,74413.8125,74889.625,74413.8125,74693.6953125,0,0.0,0.0,73810.58671875,72530.950625,70576.8576953125,73987.37287898187,73474.82025811807,72.41913209929702,512.5526208638039,486.43462522639896,26.11799563740493,73810.58671875,74603.27131951123,73017.90211798876,521.1199776785714
2026-03-16 23:00:00+00:00,74673.0703125,74901.859375,74322.546875,74852.5078125,0,0.0,0.0,73870.137890625,72611.8228125,70615.13234375,74120.47056106158,73576.87118807228,72.5702240958509,543.5993729892944,497.8675747789781,45.73179821031624,73870.137890625,74785.1700588953,72955.10572235471,545.1272321428571
2026-03-17 00:00:00+00:00,74871.296875,75447.015625,74682.5703125,75204.6015625,1854222336,0.0,0.0,73936.352734375,72701.3625,70656.9227734375,74287.25994589826,73697.44380840026,71.7085494984816,589.8161374979973,516.257287322782,73.5588501752153,73936.352734375,75028.92094925065,72843.78451949936,563.7712053571429
2026-03-17 01:00:00+00:00,75286.53125,75954.96875,75108.96875,75620.7421875,1303420928,0.0,0.0,74009.135546875,72789.0546875,70700.1355078125,74492.41105999083,73839.91035500023,78.03431174304507,652.500704990598,543.5059708563451,108.9947341342529,74009.135546875,75334.91256951989,72683.3585242301,606.1277901785714
2026-03-17 02:00:00+00:00,75635.125,75648.9765625,75125.734375,75211.6171875,1427288064,0.0,0.0,74082.28046875,72873.15859375,70741.9248828125,74603.05815653071,73941.51826851873,67.99548215079247,661.5398880119756,567.1127542874713,94.4271337245043,74082.28046875,75505.4085272292,72659.1524102708,608.1612723214286
2026-03-17 03:00:00+00:00,75190.9453125,75302.1796875,74309.4609375,74423.7109375,0,0.0,0.0,74128.761328125,72941.054375,70777.5708203125,74575.46627667983,73977.23624399884,54.332106817315605,598.2300326809927,573.3362099661756,24.893822714817134,74128.761328125,75531.58147487137,72725.94118137861,633.76171875
2026-03-17 04:00:00+00:00,74545.046875,74652.7421875,74001.8671875,74271.78125,391942144,0.0,0.0,74186.173046875,72997.263125,70812.875546875,74528.74550334447,73999.05439259151,60.30811870853464,529.6911107529595,564.6071901235324,-34.9160793705729,74186.173046875,75507.38638251874,72864.95971123126,583.8309151785714
2026-03-17 05:00:00+00:00,74245.1484375,74448.46875,73839.921875,73991.4453125,0,0.0,0.0,74222.591796875,73050.57484375,70847.9391796875,74446.08393552224,73998.49075702918,59.270333650022046,447.5931784930581,541.2043877974376,-93.61120930437949,74222.591796875,75475.03328176816,72970.15031198184,579.82421875
2026-03-17 06:00:00+00:00,74053.3671875,74267.0,73889.7578125,74082.6640625,0,0.0,0.0,74240.6046875,73101.52359375,70887.243203125,74390.17318582651,74004.72581669368,54.313734036525304,385.4473691328312,510.0529840645163,-124.60561493168507,74240.6046875,75472.95809307539,73008.25128192462,561.0485491071429
2026-03-17 07:00:00+00:00,74082.6328125,74435.90625,74082.6328125,74257.4609375,0,0.0,0.0,74275.3375,73156.5890625,70928.575625,74369.7559168532,74023.4469367534,54.13672173252912,346.30898009979865,477.30418327157275,-130.9952031717741,74275.3375,75465.6974437931,73084.97755620688,559.5870535714286
2026-03-17 08:00:00+00:00,74254.4609375,74425.8515625,74158.890625,74167.9765625,0,0.0,0.0,74291.4921875,73210.91796875,70967.381640625,74338.7129392604,74034.15283495685,52.69638520705628,304.5601043035422,442.7553674779667,-138.1952631744245,74291.4921875,75465.91795395463,73117.06642104537,550.3856026785714
2026-03-17 09:00:00+00:00,74185.6875,74347.3984375,73873.8203125,73950.484375,486350848,0.0,0.0,74286.833984375,73261.0909375,71005.935859375,74278.98546783572,74027.95517125634,49.84336359478527,251.03029657938168,404.41035329824973,-153.38005671886805,74286.833984375,75466.1278195492,73107.5401492008,556.7739955357143
2026-03-17 10:00:00+00:00,73932.1953125,73938.5546875,73614.75,73720.25,0,0.0,0.0,74299.994140625,73302.90734375,71041.6578125,74193.02616509177,74005.16219560771,43.49591673730195,187.8639694840531,361.1010765354104,-173.23710705135733,74299.994140625,75445.69486679029,73154.29341445971,554.7829241071429
2026-03-17 11:00:00+00:00,73736.875,74166.2890625,73702.8828125,74057.859375,270827520,0.0,0.0,74340.591796875,73347.84625,71075.9531640625,74172.23127430842,74009.06569037751,45.48144332734372,163.16558393090963,321.51397801451026,-158.34839408360062,74340.591796875,75381.8013971802,73299.3821965698,550.7963169642857
2026-03-17 12:00:00+00:00,74036.2421875,74160.3125,73705.09375,73729.296875,0,0.0,0.0,74338.3875,73386.6321875,71108.6755859375,74104.08752056866,73988.34207442362,38.0221038434295,115.74544614503975,280.36027164061613,-164.61482549557638,74338.3875,75384.82668242638,73291.94831757361,549.3253348214286
2026-03-17 13:00:00+00:00,73741.6640625,74091.9609375,73488.921875,73668.1796875,0,0.0,0.0,74323.695703125,73423.13265625,71137.5807421875,74037.02477701963,73964.62634205891,34.92472006205374,72.3984349607199,238.7679043046369,-166.369469343917,74323.695703125,75400.20290286561,73247.1885033844,551.0200892857143
2026-03-17 14:00:00+00:00,73648.8671875,74410.984375,73459.25,74383.1484375,0,0.0,0.0,74344.3,73478.60703125,71173.0660546875,74090.27457093968,73995.62797875825,40.42801117184172,94.64659218143788,209.9436418799971,-115.29704969855922,74344.3,75408.08821877069,73280.51178122932,564.3978794642857
2026-03-17 15:00:00+00:00,74396.6875,74816.5,73738.90625,73949.9375,366981120,0.0,0.0,74343.66796875,73526.6990625,71205.1798828125,74068.68425233358,73992.24349885022,30.608081273360014,76.440753483359,183.2430642006695,-106.80231071731049,74343.66796875,75408.4256857582,73278.9102517418,580.9402901785714
2026-03-17 16:00:00+00:00,73943.6171875,74347.2109375,73905.640625,74139.8671875,165515264,0.0,0.0,74339.710546875,73577.27609375,71236.8291796875,74079.63547312841,74003.17858689836,36.89406648502196,76.45688623005117,161.88582860654583,-85.42894237649466,74339.710546875,75407.00432663942,73272.41676711057,575.1065848214286
2026-03-17 17:00:00+00:00,74165.3046875,74582.2109375,74039.1171875,74534.34375,46608384,0.0,0.0,74345.578515625,73638.20171875,71269.65671875,74149.59059264712,74042.52415453551,51.49691230785169,107.06643811160757,150.9219505075582,-43.855512395950626,74345.578515625,75415.94719157282,73275.20983967719,542.9905133928571
2026-03-17 18:00:00+00:00,74502.8359375,74757.0078125,74418.953125,74696.8046875,0,0.0,0.0,74345.733984375,73703.51734375,71305.1264453125,74233.77737647064,74090.98937919954,55.734418315396695,142.78799727109435,149.29515986026541,-6.50716258917106,74345.733984375,75416.31643998862,73275.15152876137,520.6462053571429
2026-03-17 19:00:00+00:00,74669.46875,74810.171875,74485.6015625,74509.2109375,0,0.0,0.0,74328.569140625,73757.13640625,71338.7628125,74276.15177047515,74121.96875388846,57.1650046271871,154.18301658668497,150.27273120554935,3.9102853811356226,74328.569140625,75375.6914767024,73281.4468045476,500.36216517857144
2026-03-17 20:00:00+00:00,74510.2265625,74679.125,74399.4453125,74568.0078125,134602752,0.0,0.0,74296.739453125,73820.80359375,71370.6138671875,74321.05270001743,74155.00868415598,56.77715377868542,166.04401586145104,153.4269881367297,12.61702772472134,74296.739453125,75267.66902726018,73325.80987898982,493.39341517857144
2026-03-17 21:00:00+00:00,74547.59375,74797.6953125,74501.109375,74700.4921875,0,0.0,0.0,74250.726953125,73883.653125,71398.9215625,74379.42800578398,74195.41486958887,56.26029435791909,184.0131361951062,159.544217748405,24.468918446701196,74250.726953125,75024.71663848084,73476.73726776917,489.3443080357143
2026-03-17 22:00:00+00:00,74663.78125,74791.140625,73972.3984375,74309.75,0,0.0,0.0,74205.63359375,73934.666875,71424.721171875,74368.70831258644,74203.88413850822,51.84616229788048,164.82417407822504,160.60020901436903,4.223965063856014,74205.63359375,74835.59443017306,73575.67275732693,528.7572544642857
2026-03-17 23:00:00+00:00,74328.9609375,74401.6015625,73940.0703125,73940.0703125,0,0.0,0.0,74181.4515625,73972.176875,71449.38421875,74302.76400488084,74184.34237361871,49.86955900571279,118.42163126212836,152.1644934639209,-33.74286220179255,74181.4515625,74813.29286986847,73549.61025513154,527.8967633928571
2026-03-18 00:00:00+00:00,73933.515625,74082.5234375,73607.1796875,73855.84375,0,0.0,0.0,74160.6546875,73993.21640625,71473.800078125,74234.00704259149,74160.00914223955,51.762853718487825,73.99790035194019,136.53117484152477,-62.533274489584585,74160.6546875,74807.18748456497,73514.12189043504,537.8688616071429
2026-03-18 01:00:00+00:00,73869.1328125,74216.4921875,73869.1328125,74098.3125,0,0.0,0.0,74165.998046875,74019.60265625,71500.9988671875,74213.13095911588,74155.43902059218,50.539271639602404,57.6919385236979,120.7633275779594,-63.0713890542615,74165.998046875,74808.39582984772,73523.60026390228,530.5290178571429
2026-03-18 02:00:00+00:00,74089.375,74468.1015625,74089.375,74352.140625,0,0.0,0.0,74179.471875,74055.64546875,71531.0366796875,74234.51706155959,74170.00950980757,58.471795394940976,64.5075517520163,109.51217241277078,-45.00462066075448,74179.471875,74825.80231932666,73533.14143067335,525.0652901785714
2026-03-18 03:00:00+00:00,74350.484375,74614.859375,74288.6171875,74520.84375,0,0.0,0.0,74192.641015625,74091.00078125,71558.3720703125,74278.56732131964,74195.9972313033,61.267982250561126,82.5700900163356,104.12375593348375,-21.55366591714815,74192.641015625,74856.16643153087,73529.11559971914,505.29408482142856
2026-03-18 04:00:00+00:00,74488.171875,74495.1484375,74179.2890625,74185.9453125,0,0.0,0.0,74193.539453125,74123.340625,71584.170859375,74264.31778150123,74195.25264472527,47.10293631555752,69.06513677595649,97.1120321019783,-28.04689532602181,74193.539453125,74856.97290622225,73530.10600002776,461.70982142857144
2026-03-18 05:00:00+00:00,74184.734375,74301.109375,73898.4609375,73950.6171875,0,0.0,0.0,74193.54609375,74129.12328125,71608.8753515625,74216.05615165489,74177.13149974562,50.0106015076075,38.924651909270324,85.47455606343671,-46.549904154166384,74193.54609375,74856.96930582549,73530.12288167451,413.4994419642857
2026-03-18 06:00:00+00:00,74004.7890625,74227.5390625,73963.078125,73963.078125,0,0.0,0.0,74205.6875,74130.77875,71635.4169921875,74177.13645524645,74161.27569420892,47.080904946556146,15.860761037532939,71.55179705825596,-55.69103602072302,74205.6875,74840.92922264022,73570.44577735978,401.7388392857143
2026-03-18 07:00:00+00:00,73964.40625,73978.3515625,73739.234375,73888.078125,0,0.0,0.0,74197.1984375,74125.23859375,71662.850078125,74132.66594290084,74141.03883723047,38.070433503504375,-8.372894329630071,55.56685878067875,-63.93975311030882,74197.1984375,74845.16830299053,73549.22857200948,380.02622767857144
2026-03-18 08:00:00+00:00,73889.796875,74118.8984375,73889.796875,74030.09375,60719104,0.0,0.0,74212.23828125,74130.86609375,71687.413515625,74116.88560553148,74132.8206826208,37.599428061599625,-15.935077089321567,41.266471606678685,-57.20154869600025,74212.23828125,74827.62462334348,73596.85193915652,372.3666294642857
2026-03-18 09:00:00+00:00,74039.984375,74264.984375,74039.984375,74154.8046875,0,0.0,0.0,74236.56953125,74144.0803125,71711.775234375,74122.71931044971,74134.44912742666,43.25028865267643,-11.729816976949223,30.667213889953103,-42.39703086690233,74236.56953125,74797.44954138328,73675.68952111673,365.9609375
2026-03-18 10:00:00+00:00,74203.2890625,74264.2578125,73854.3828125,73936.0546875,0,0.0,0.0,74214.21484375,74160.33046875,71730.0421875,74094.00167614975,74119.75324298766,38.65555175334765,-25.751566837905557,19.38345774438137,-45.13502458228693,74214.21484375,74786.02903640646,73642.40065109354,375.26060267857144
2026-03-18 11:00:00+00:00,73928.75,73993.3125,72884.6171875,72931.2109375,1629986816,0.0,0.0,74163.278515625,74153.69328125,71747.426796875,73915.11079328056,74031.7130722108,25.814003161177325,-116.60227893023693,-7.8136895905422925,-108.78858933969464,74163.278515625,74968.19509259849,73358.36193865152,433.26841517857144
2026-03-18 12:00:00+00:00,72969.7421875,72969.7421875,72352.828125,72383.359375,1847402496,0.0,0.0,74075.453125,74126.91234375,71758.9333203125,73679.4567289297,73909.61279834333,24.750865264494465,-230.15606941362785,-52.28216555515941,-177.87390385846845,74075.453125,75207.82640152304,72943.07984847696,418.8521205357143
2026-03-18 13:00:00+00:00,72272.1953125,72537.0703125,72002.1015625,72050.671875,166236160,0.0,0.0,73951.26953125,74096.6696875,71769.351953125,73428.87444370973,73771.91347068828,24.99322724405704,-343.0390269785421,-110.43353783983596,-232.60548913870613,73951.26953125,75378.19158371317,72524.34747878683,424.09765625
2026-03-18 14:00:00+00:00,72167.140625,72196.3359375,71315.328125,71315.328125,1607847936,0.0,0.0,73782.195703125,74046.07859375,71776.395859375,73103.71347160054,73589.94418582247,21.31882631443399,-486.23071422193607,-185.59297311625602,-300.63774110568005,73782.195703125,75588.15958478974,71976.23182146027,453.0736607142857
2026-03-18 15:00:00+00:00,71077.0,71515.359375,70978.140625,71515.359375,1513684992,0.0,0.0,73632.503125,73995.5128125,71782.2783203125,72859.35130289276,73436.27123687266,20.55761168084979,-576.9199339799088,-263.8583652889866,-313.06156869092223,73632.503125,75666.63243582503,71598.37381417498,465.68582589285717
2026-03-18 16:00:00+00:00,71452.140625,71551.2890625,71133.4765625,71329.96875,529702912,0.0,0.0,73470.601171875,73952.97125,71785.6522265625,72624.06167937079,73280.24883043766,15.005084077249023,-656.1871510668716,-342.3241224445636,-313.863028622308,73470.601171875,75697.52921560209,71243.6731281479,468.47767857142856
2026-03-18 17:00:00+00:00,71316.6328125,71710.953125,71219.640625,71616.7109375,385953792,0.0,0.0,73316.412109375,73920.38734375,71788.563515625,72469.0846421599,73157.02380133118,17.266715391456728,-687.9391591712774,-411.4471297899064,-276.492029381371,73316.412109375,75610.80032883612,71022.02388991388,480.26841517857144
2026-03-18 18:00:00+00:00,71775.625,71948.5546875,70992.875,70992.875,883851264,0.0,0.0,73150.568359375,73864.7771875,71789.4611328125,72241.975466443,72996.71648271405,16.210840295701544,-754.7410162710585,-480.1059070861368,-274.63510918492165,73150.568359375,75615.78122423205,70685.35549451795,524.1344866071429
2026-03-18 19:00:00+00:00,71184.4765625,71453.0234375,71001.71875,71111.2421875,532865024,0.0,0.0,73009.126953125,73807.76171875,71791.9548046875,72068.01650045176,72857.0517201056,19.191018398584006,-789.0352196538443,-541.8917695996784,-247.1434500541659,73009.126953125,75604.77019360503,70413.48371264497,528.2416294642857
2026-03-18 20:00:00+00:00,71058.625,71273.40625,70605.0234375,71240.7265625,314224640,0.0,0.0,72878.37109375,73753.155,71795.61640625,71940.74112538226,72737.32393065334,21.192380379195342,-796.5828052710713,-592.829976733957,-203.75282853711428,72878.37109375,75556.58129396406,70200.16089353594,556.203125
2026-03-18 21:00:00+00:00,71234.8359375,71406.578125,71190.4296875,71293.0625,653623296,0.0,0.0,72738.10859375,73699.7646875,71802.2110546875,71841.09825993884,72630.3416024568,22.40748555422276,-789.2433425179624,-632.1126498907581,-157.13069262720433,72738.10859375,75441.02405042305,70035.19313707696,554.5625
2026-03-18 22:00:00+00:00,71218.265625,71218.265625,70979.8203125,71139.421875,87281664,0.0,0.0,72577.47265625,73638.1728125,71800.729921875,71733.14804687133,72519.90310412667,19.33960231623118,-786.7550572553446,-663.0411313636755,-123.71392589166908,72577.47265625,75258.27943099078,69896.66588150922,560.4497767857143
2026-03-18 23:00:00+00:00,71119.5390625,71349.421875,71091.03125,71264.0078125,186429440,0.0,0.0,72414.630859375,73575.11328125,71800.246640625,71660.97262619881,72426.87382326543,19.33746341431076,-765.9011970666179,-683.613144504264,-82.28805256235387,72414.630859375,74992.06709058007,69837.19462816993,562.1283482142857
2026-03-19 00:00:00+00:00,71216.484375,71298.9609375,71010.4921875,71010.4921875,0,0.0,0.0,72255.858203125,73501.44921875,71799.1641796875,71560.89871255284,72321.95666506058,19.195890942832506,-761.0579525077483,-699.102106104961,-61.9558464027873,72255.858203125,74764.15889183679,69747.5575144132,553.4564732142857
2026-03-19 01:00:00+00:00,71058.0703125,71165.8671875,70964.4453125,71140.328125,0,0.0,0.0,72115.34375,73427.205625,71800.3665625,71496.19554523702,72234.4286250561,26.883771960784713,-738.2330798190815,-706.9283008477851,-31.3047789712964,72115.34375,74537.27346118199,69693.41403881801,488.65122767857144
2026-03-19 02:00:00+00:00,71075.46875,71253.0234375,70936.203125,71050.7421875,0,0.0,0.0,71969.726953125,73344.1284375,71805.77125,71427.66425943133,72146.74814820009,30.490954299138323,-719.0838887687569,-709.3594184319794,-9.724470336777472,71969.726953125,74271.09729472731,69668.3566115227,467.21595982142856
2026-03-19 03:00:00+00:00,71060.1328125,71593.9453125,71060.1328125,71223.125,174055424,0.0,0.0,71836.479296875,73256.17609375,71811.88140625,71396.19668105728,72078.33161870379,37.2883715348614,-682.1349376465078,-703.914522274885,21.77958462837728,71836.479296875,73972.86559072362,69700.09300302637,467.8041294642857
2026-03-19 04:00:00+00:00,71157.5390625,71199.2578125,70698.765625,70841.8359375,639582208,0.0,0.0,71677.06640625,73168.78046875,71814.8180859375,71310.9104128177,71986.73934602203,41.839221610907785,-675.828933204335,-698.297404460775,22.46847125644001,71677.06640625,73588.18715943876,69765.94565306124,442.32924107142856
2026-03-19 05:00:00+00:00,70854.7421875,70894.46875,70688.65625,70835.7734375,0,0.0,0.0,71511.11484375,73097.02171875,71820.090546875,71237.81241661498,71901.48261205744,37.44787202419604,-663.6701954424643,-691.3719626571129,27.701767214648612,71511.11484375,73058.0374580836,69964.19222941638,418.65736607142856
2026-03-19 06:00:00+00:00,70834.140625,70930.9453125,70532.890625,70538.578125,0,0.0,0.0,71341.241015625,73022.35765625,71824.2433203125,71130.23791021267,71800.52672412727,35.96257351433148,-670.2888139145944,-687.1553329086092,16.866518994014882,71341.241015625,72451.47641540323,70231.00561584676,417.24609375
2026-03-19 07:00:00+00:00,70543.28125,70543.28125,69519.03125,70220.4609375,3060477952,0.0,0.0,71205.703515625,72946.93796875,71825.74984375,70990.27222210303,71683.48481400673,25.50640024120824,-693.2125919037062,-688.3667847076288,-4.8458071960774305,71205.703515625,72147.78328728402,70263.62374396599,455.3130580357143
2026-03-19 08:00:00+00:00,70202.65625,70256.6875,69960.1171875,69960.1171875,1039183872,0.0,0.0,71084.54140625,72864.48703125,71825.0815625,70831.7868321641,71555.82795278402,29.234722889825107,-724.0411206199205,-695.5016518900871,-28.539468729833402,71084.54140625,72012.0961712135,70156.98664128651,408.2338169642857
2026-03-19 09:00:00+00:00,69992.7421875,70530.7578125,69992.7421875,70494.7734375,1144094720,0.0,0.0,71006.746484375,72789.23328125,71827.10796875,70779.93861760039,71477.23132202224,39.382326662863164,-697.2927044218522,-695.8598623964402,-1.4328420254120147,71006.746484375,71850.30747352274,70163.18549522727,416.12611607142856
2026-03-19 10:00:00+00:00,70499.0703125,70499.0703125,70119.53125,70119.53125,370712576,0.0,0.0,70946.956640625,72708.264375,71828.7551953125,70678.3374841234,71376.6609463169,32.196404867942775,-698.3234621934971,-696.3525823558516,-1.970879837645498,70946.956640625,71864.6779217074,70029.23535954258,395.49441964285717
2026-03-19 11:00:00+00:00,70134.71875,70229.7265625,69915.0,69915.0,0,0.0,0.0,70866.938671875,72627.5546875,71830.470859375,70560.90094810442,71268.38976510824,29.126491624184084,-707.4888170038175,-698.5798292854449,-8.9089877183726,70866.938671875,71852.55138481286,69881.32595893714,402.5357142857143
2026-03-19 12:00:00+00:00,69934.671875,69935.6484375,69186.2265625,69308.4140625,0,0.0,0.0,70765.8609375,72539.31796875,71826.2989453125,70368.21065801143,71123.20637972985,25.612118966999162,-754.9957217184128,-709.8630077720386,-45.132713946374224,70765.8609375,71946.81255481625,69584.90932018374,433.69140625
2026-03-19 13:00:00+00:00,69288.171875,69997.40625,69099.8671875,69897.484375,674107392,0.0,0.0,70679.899609375,72456.11046875,71828.02484375,70295.79122985584,71032.41215715726,33.8028768957528,-736.6209273014247,-715.2145916779159,-21.406335623508767,70679.899609375,71850.31717451445,69509.48204423556,479.34486607142856
2026-03-19 14:00:00+00:00,70009.0546875,70009.0546875,69132.6796875,69560.4921875,0,0.0,0.0,70608.28046875,72372.734375,71826.0008203125,70182.66830026264,70923.38104829376,33.146944838933464,-740.7127480311174,-720.3142229485562,-20.39852508256115,70608.28046875,71869.8125714913,69346.7483660087,521.3381696428571
2026-03-19 15:00:00+00:00,69508.1953125,69847.2890625,68829.8515625,69452.3203125,0,0.0,0.0,70525.334375,72288.4171875,71824.9300390625,70070.30707137608,70814.4135863831,30.281326375465667,-744.1065150070208,-725.0726813602492,-19.03383364677154,70525.334375,71863.44952405461,69187.2192259454,579.625
2026-03-19 16:00:00+00:00,69425.8359375,69603.3125,69236.4296875,69446.2578125,1459310592,0.0,0.0,70435.6109375,72189.679375,71823.9748046875,69974.29949308746,70713.0687142436,30.883990036822055,-738.7692211561516,-727.8119893194298,-10.957231836721803,70435.6109375,71811.85579512635,69059.36607987364,583.2008928571429
2026-03-19 17:00:00+00:00,69467.7109375,69879.515625,69145.453125,69858.3515625,0,0.0,0.0,70363.875390625,72107.84765625,71826.2106640625,69956.46134992017,70649.75633263297,34.61850699378897,-693.2949827128032,-720.9085879981045,27.613605285301333,70363.875390625,71700.94386456042,69026.80691668959,596.8337053571429
2026-03-19 18:00:00+00:00,69850.21875,69908.8203125,69613.9609375,69842.75,0,0.0,0.0,70299.041796875,72021.9053125,71827.2871875,69938.9672960863,70589.97808577126,37.72840766678246,-651.0107896849659,-706.9290283354768,55.91823865051094,70299.041796875,71603.11266350915,68994.97093024084,580.4408482142857
2026-03-19 19:00:00+00:00,69826.40625,70564.9453125,69826.40625,70280.046875,747216896,0.0,0.0,70249.84375,71936.819375,71832.4480859375,69991.44107745764,70567.02021830673,43.82794997318877,-575.5791408490913,-680.6590508381997,105.07990998910839,70249.84375,71472.3215064773,69027.3659935227,618.4927455357143
2026-03-19 20:00:00+00:00,70277.4296875,70633.4296875,70214.5390625,70490.953125,0,0.0,0.0,70223.866796875,71852.70234375,71838.0405078125,70068.28908477185,70561.38561880252,49.460727593125334,-493.09653403067205,-643.1465474766942,150.05001344602215,70223.866796875,71399.4694868763,69048.26410687368,619.9810267857143
2026-03-19 21:00:00+00:00,70505.65625,70695.4375,70414.9921875,70485.6328125,0,0.0,0.0,70191.13203125,71772.23078125,71839.53609375,70132.49581211465,70555.77429981716,53.23153733662371,-423.2784877025115,-599.1729355218577,175.89444781934617,70191.13203125,71293.46322476043,69088.80083773957,566.8521205357143
2026-03-19 22:00:00+00:00,70437.625,70491.5234375,69969.984375,70139.3515625,0,0.0,0.0,70145.5625,71683.65765625,71836.777890625,70133.55054294317,70524.928171127,52.13944136912311,-391.37762818383635,-557.6138740542534,166.23624587041706,70145.5625,71170.93603794738,69120.18896205262,582.9213169642857
2026-03-19 23:00:00+00:00,70180.421875,70270.4140625,69740.953125,69939.875,6238208,0.0,0.0,70081.4,71588.4453125,71835.0855078125,70103.75430556729,70481.59089919167,42.80032031463818,-377.836593624379,-521.6584179682786,143.8218243438996,70081.4,70974.99553038721,69187.80446961278,579.9799107142857
2026-03-20 00:00:00+00:00,69921.890625,70280.90625,69849.15625,70232.03125,22978560,0.0,0.0,70050.909765625,71506.8909375,71833.3843359375,70123.48922009539,70463.10499925155,51.49182603650831,-339.61577915615635,-485.2498902058542,145.63411104969782,70050.909765625,70874.09619168671,69227.72333956328,583.7092633928571
2026-03-20 01:00:00+00:00,70209.6875,70581.65625,70209.6875,70411.375,265351168,0.0,0.0,70029.68984375,71436.31703125,71831.4331640625,70167.77934008071,70459.27314745514,56.62653366874841,-291.493807374427,-446.4986736395688,155.0048662651418,70029.68984375,70786.92706408311,69272.4526234169,587.7979910714286
2026-03-20 02:00:00+00:00,70411.609375,70501.953125,70096.6171875,70429.59375,0,0.0,0.0,70024.240625,71367.79203125,71830.258359375,70208.0584800683,70457.07467356957,67.75708682364295,-249.01619350127294,-407.00217761190964,157.9859841106367,70024.240625,70767.49817178703,69280.98307821299,563.2204241071429
2026-03-20 03:00:00+00:00,70423.8671875,70765.3984375,70408.3046875,70747.953125,134672384,0.0,0.0,70050.615234375,71300.78484375,71830.660234375,70291.11919467317,70478.62122552739,64.73295005467676,-187.50203085421526,-363.1021482603708,175.60011740615556,70050.615234375,70857.87126632134,69243.35920242866,524.6171875
2026-03-20 04:00:00+00:00,70732.3515625,70939.7734375,70569.1015625,70785.0546875,0,0.0,0.0,70091.862109375,71229.443125,71831.2580078125,70367.10927049269,70501.32000048833,73.67319321689855,-134.21072999564058,-317.32386460742475,183.11313461178418,70091.862109375,70961.5361257577,69222.18809299229,488.4955357142857
2026-03-20 05:00:00+00:00,70784.3203125,70846.8046875,70555.8984375,70586.2578125,0,0.0,0.0,70096.436328125,71150.75140625,71830.4758984375,70400.8244308015,70507.61169026697,71.17913488084329,-106.78725946547638,-275.2165435790351,168.4292841135587,70096.436328125,70975.9400582337,69216.9325980163,436.60044642857144
2026-03-20 06:00:00+00:00,70587.5625,70609.03125,70359.3828125,70480.53125,234172416,0.0,0.0,70114.486328125,71076.643125,71831.0801171875,70413.0870183705,70505.60573172868,68.62428428738235,-92.5187133581785,-238.6769775348638,146.1582641766853,70114.486328125,71010.64559934866,69218.32705690134,428.2265625
2026-03-20 07:00:00+00:00,70495.2109375,70890.09375,70223.3046875,70857.6328125,0,0.0,0.0,70161.61796875,71014.7834375,71834.4164453125,70481.4786790058,70531.6818117858,68.22383568513916,-50.203132780006854,-200.98220858389243,150.77907580388558,70161.61796875,71111.16366713983,69212.07227036016,423.4213169642857
2026-03-20 08:00:00+00:00,70859.1796875,71315.328125,70810.9453125,71027.5234375,17764352,0.0,0.0,70247.5734375,70956.07234375,71838.3107421875,70565.48556492799,70568.41082109796,70.455508045915,-2.925256169968634,-161.3708181011077,158.44556193113905,70247.5734375,71183.05467378325,69312.09220121676,438.3872767857143
2026-03-20 09:00:00+00:00,70995.9140625,71002.9609375,70482.7890625,70564.0,0,0.0,0.0,70280.89921875,70889.59078125,71842.0923828125,70565.25701647752,70568.08409360921,54.858545297052196,-2.8270771316892933,-129.662069907224,126.83499277553472,70280.89921875,71211.34288147911,69350.45555602088,424.54408482142856
2026-03-20 10:00:00+00:00,70570.6640625,70643.9765625,70242.9609375,70606.1953125,58114048,0.0,0.0,70333.184375,70821.1128125,71848.45171875,70571.5552158656,70570.90714686038,52.092655065868065,0.6480690052267164,-103.60004212473387,104.24811112996059,70333.184375,71209.10220361881,69457.26654638119,423.26729910714283
2026-03-20 11:00:00+00:00,70606.625,70787.5,70334.421875,70472.921875,0,0.0,0.0,70384.214453125,70747.47515625,71853.6308203125,70556.38085573244,70563.64897857442,49.77943469124924,-7.268122841982404,-84.33365826818358,77.06553542620118,70384.214453125,71156.88935537203,69611.53955087796,435.5982142857143
2026-03-20 12:00:00+00:00,70474.6953125,70659.421875,70266.2734375,70321.734375,0,0.0,0.0,70427.98828125,70675.18875,71858.2201953125,70520.2813971582,70545.72937830965,53.39461921227967,-25.447981151446584,-72.55652284483618,47.1085416933896,70427.98828125,71064.04422658272,69791.93233591728,426.42745535714283
2026-03-20 13:00:00+00:00,70328.6484375,70610.78125,69830.9765625,69830.9765625,0,0.0,0.0,70426.61953125,70613.1840625,71860.188203125,70414.23449951848,70492.78472528672,48.17139243893928,-78.5502257682383,-73.75526342951662,-4.794962338721689,70426.61953125,71067.93291519243,69785.30614730758,444.3091517857143
2026-03-20 14:00:00+00:00,69853.2109375,70227.015625,69637.5390625,69792.6328125,333500416,0.0,0.0,70424.113671875,70561.36953125,71861.8346875,70318.6034707464,70440.92162063585,41.93415153922713,-122.31814988945553,-83.4678407215044,-38.850309167951124,70424.113671875,71075.34788658099,69772.87945716902,455.57533482142856
2026-03-20 15:00:00+00:00,69738.203125,69957.40625,69512.046875,69812.21875,0,0.0,0.0,70400.722265625,70516.60046875,71861.8286328125,70240.69812909311,70394.35103762579,38.3162705667276,-153.65290853267652,-97.50485428373882,-56.1480542489377,70400.722265625,71105.17733791328,69696.26719333671,460.81752232142856
2026-03-20 16:00:00+00:00,69857.6171875,70067.390625,69658.296875,69862.078125,154746880,0.0,0.0,70369.278515625,70487.53546875,71861.881328125,70182.44889769418,70354.92341446833,39.06817155756208,-172.47451677414938,-112.49878678182094,-59.97572999232844,70369.278515625,71111.88306734397,69626.67396390604,461.0859375
2026-03-20 17:00:00+00:00,69819.046875,69953.96875,69435.75,69953.96875,243093504,0.0,0.0,70342.6953125,70456.30765625,71861.768515625,70147.29810574123,70325.22306895215,33.24386174331106,-177.92496321092767,-125.58402206764228,-52.34094114328539,70342.6953125,71105.55044344797,69579.84018155203,472.59486607142856
2026-03-20 18:00:00+00:00,69960.4375,70025.2734375,69540.6171875,69700.6640625,375300096,0.0,0.0,70320.7609375,70423.7215625,71857.984453125,70078.58517601181,70278.95943884458,29.0288756738463,-200.37426283277455,-140.54207022066873,-59.832192612105814,70320.7609375,71131.9310962401,69509.5907787599,480.73660714285717
2026-03-20 19:00:00+00:00,69750.9375,70165.765625,69688.8984375,70164.53125,0,0.0,0.0,70331.99375,70394.67796875,71856.5423828125,70091.80764893307,70270.48327670795,42.6026064434791,-178.6756277748791,-148.16878173151082,-30.506846043368284,70331.99375,71127.01721498073,69536.97028501926,494.01953125
2026-03-20 20:00:00+00:00,70160.9375,70228.75,69775.8359375,70047.375,143187968,0.0,0.0,70322.7609375,70375.76796875,71854.89515625,70084.97185678952,70253.95673769254,42.43246489484833,-168.9848809030227,-152.3320015658132,-16.652879337209527,70322.7609375,71126.90892162842,69518.61295337159,508.5385044642857
2026-03-20 21:00:00+00:00,70044.4921875,70624.5625,69978.828125,70525.046875,182841344,0.0,0.0,70328.44453125,70364.0440625,71858.2258203125,70152.67570574497,70274.0374886042,44.38675003494189,-121.36178285922506,-146.13795782449557,24.776174965270513,70328.44453125,71136.82530271768,69520.06375978232,507.0345982142857
2026-03-20 22:00:00+00:00,70545.578125,70877.3046875,70545.578125,70791.7109375,173883392,0.0,0.0,70346.550390625,70355.06375,71864.5376171875,70250.98881832267,70312.38367000388,46.145949314075,-61.39485168120882,-129.18933659583823,67.79448491462941,70346.550390625,71180.29345925308,69512.80732199691,496.1685267857143
2026-03-20 23:00:00+00:00,70783.875,70783.875,70457.359375,70507.984375,0,0.0,0.0,70334.551953125,70339.3621875,71865.724921875,70290.52659627303,70326.8726111147,49.027332367448594,-36.34601484166342,-110.62067224500326,74.27465740333984,70334.551953125,71150.69347496056,69518.41043128945,481.1411830357143
2026-03-21 00:00:00+00:00,70517.6171875,70762.1640625,70490.8203125,70695.8828125,0,0.0,0.0,70330.093359375,70330.49140625,71867.0915234375,70352.88909107717,70354.2067001062,51.48234613557011,-1.3176090290216962,-88.76005960180696,87.44245057278526,70330.093359375,71136.79200753721,69523.39471121278,471.87890625
2026-03-21 01:00:00+00:00,70680.7890625,70742.890625,70483.4453125,70483.4453125,0,0.0,0.0,70324.952734375,70314.88015625,71868.12390625,70372.97466360376,70363.77993065388,50.169494937801524,9.194732949879835,-69.16910109146961,78.36383404134945,70324.952734375,71126.06918447798,69523.83628427201,458.04799107142856
2026-03-21 02:00:00+00:00,70480.125,70764.6484375,70438.75,70715.328125,0,0.0,0.0,70336.692578125,70308.976875,71872.549765625,70425.64442689548,70389.82053764249,56.178774841422076,35.82388925299165,-48.170503022577364,83.99439227556901,70336.692578125,71154.12407970434,69519.26107654566,453.24441964285717
2026-03-21 03:00:00+00:00,70730.1640625,70767.015625,70615.7421875,70675.25,0,0.0,0.0,70327.5734375,70299.6753125,71873.321171875,70464.04528429618,70410.96346078008,65.43818696624848,53.081823516098666,-27.920037714842163,81.00186123094083,70327.5734375,71124.34349077483,69530.80338422518,408.34933035714283
2026-03-21 04:00:00+00:00,70673.375,70790.421875,70623.890625,70632.328125,0,0.0,0.0,70307.813671875,70291.30703125,71875.533671875,70489.93495209677,70427.36084331489,65.32880756449933,62.57410878187511,-9.821208415498708,72.39531719737381,70307.813671875,71049.16924532154,69566.45809842847,378.13895089285717
2026-03-21 05:00:00+00:00,70632.203125,70782.8203125,70632.203125,70704.1328125,552620032,0.0,0.0,70314.8203125,70280.9271875,71877.195859375,70522.88846908188,70447.86247066193,65.97745676227157,75.02599841995107,7.148232951591247,67.87776546835983,70314.8203125,71068.91007067579,69560.73055432421,357.0859375
2026-03-21 06:00:00+00:00,70696.578125,70799.671875,70696.578125,70764.578125,0,0.0,0.0,70322.739453125,70279.38203125,71880.35515625,70560.07149306929,70471.32288950178,66.10600517533685,88.74860356751014,23.468307074775026,65.28029649273512,70322.739453125,71092.86895960894,69552.60994664107,335.22879464285717
2026-03-21 07:00:00+00:00,70771.8515625,70871.8515625,70693.84375,70697.6328125,0,0.0,0.0,70333.975,70276.61921875,71881.381484375,70581.23477298171,70488.08658750165,63.39064403498851,93.14818548006588,37.404282755833194,55.74390272423268,70333.975,71119.7281339105,69548.22186608952,310.92801339285717
2026-03-21 08:00:00+00:00,70711.7109375,70727.671875,70489.359375,70585.9921875,0,0.0,0.0,70347.187890625,70277.5675,71877.3556640625,70581.9666829076,70495.33885416819,66.79849865697395,86.62782873940887,47.24899195254833,39.37883678686054,70347.187890625,71140.9211297465,69553.45465150352,293.33203125
2026-03-21 09:00:00+00:00,70586.71875,70701.453125,70583.3671875,70656.6015625,0,0.0,0.0,70388.469140625,70286.2903125,71872.4583203125,70593.44897207567,70507.28423997054,60.97448782238702,86.16473210512777,55.032139983064226,31.132592122063542,70388.469140625,71154.5581850217,69622.38009622831,267.70479910714283
2026-03-21 10:00:00+00:00,70654.46875,70661.2421875,70556.9921875,70589.5234375,0,0.0,0.0,70428.313671875,70298.8784375,71869.574609375,70592.84504367941,70513.37603238013,62.36762656344123,79.46901129928301,59.91951424630798,19.549497052975028,70428.313671875,71145.23533399857,69711.39200975143,242.80022321428572
2026-03-21 11:00:00+00:00,70588.78125,70636.265625,70558.6953125,70634.9609375,0,0.0,0.0,70469.45078125,70301.6821875,71865.7312890625,70599.3244119595,70522.38232164827,53.123321123321126,76.94209031123319,63.32402945929302,13.618060851940164,70469.45078125,71129.70178375703,69809.19977874296,202.21707589285714
2026-03-21 12:00:00+00:00,70635.1640625,70763.3984375,70635.1640625,70704.8671875,0,0.0,0.0,70511.590234375,70313.38890625,71862.57625,70615.56176204266,70535.89971911877,47.221555688862225,79.66204292389739,66.5916321522139,13.070410771683484,70511.590234375,71113.63565241301,69909.544816337,186.22991071428572
2026-03-21 13:00:00+00:00,70703.015625,70789.84375,70682.90625,70725.484375,0,0.0,0.0,70550.166015625,70329.59859375,71858.180625,70632.47293326686,70549.94302696182,58.36729541602048,82.52990630504792,69.7792869827807,12.750619322267212,70550.166015625,71098.22016606783,70002.11186518217,169.98604910714286
2026-03-21 14:00:00+00:00,70717.6796875,71040.421875,70590.8203125,70592.34375,0,0.0,0.0,70594.75,70355.2771875,71854.4290234375,70626.29921276428,70553.08382126095,45.8416220592019,73.21539150332683,70.46650788688993,2.748883616436899,70594.75,70969.50512869416,70219.99487130584,182.71875
2026-03-21 15:00:00+00:00,70615.625,70750.3203125,70486.5078125,70652.2265625,0,0.0,0.0,70619.134765625,70370.37203125,71849.43078125,70630.28803580055,70560.4277280194,57.72531574957447,69.86030778115673,70.3452678657433,-0.4849600845865609,70619.134765625,70934.8360659193,70303.4334653307,183.03069196428572
2026-03-21 16:00:00+00:00,70641.703125,70644.515625,70269.796875,70290.7578125,0,0.0,0.0,70631.30390625,70384.97734375,71841.9601953125,70578.05261683124,70540.45217872165,32.62772275961717,37.6004381095845,63.79630191451154,-26.195863804927036,70631.30390625,70861.35202998923,70401.25578251078,187.06863839285714
2026-03-21 17:00:00+00:00,70295.28125,70403.3046875,70223.3203125,70317.5859375,0,0.0,0.0,70620.930859375,70402.28265625,71833.3575390625,70537.98082001104,70523.94356826079,35.20492253598505,14.037251750254654,53.84449188166016,-39.80724013140551,70620.930859375,70887.0359302608,70354.82578848921,189.11941964285714
2026-03-21 18:00:00+00:00,70312.9609375,70489.90625,70297.890625,70404.65625,0,0.0,0.0,70601.578125,70421.450625,71822.9323828125,70517.46934770164,70515.10747061184,40.914022747680335,2.3618770898028743,43.54796892328871,-41.18609183348583,70601.578125,70871.65603640536,70331.50021359464,190.93973214285714
2026-03-21 19:00:00+00:00,70389.640625,70434.65625,70328.8984375,70379.7109375,0,0.0,0.0,70595.164453125,70431.8778125,71813.55921875,70496.27574613216,70505.07809778873,36.549847768348776,-8.802351656573592,33.077904807316244,-41.880256463889836,70595.164453125,70880.27474635419,70310.05415989582,187.73549107142858
2026-03-21 20:00:00+00:00,70380.328125,70480.296875,70347.359375,70456.4140625,0,0.0,0.0,70583.191015625,70444.15109375,71801.5748828125,70490.14317941952,70501.47335443401,37.39381659433305,-11.330175014489214,24.196288842955152,-35.52646385744437,70583.191015625,70870.59597312243,70295.78605812756,189.8671875
2026-03-21 21:00:00+00:00,70454.390625,70490.6171875,70283.9140625,70346.4921875,0,0.0,0.0,70576.343359375,70445.48,71785.7533203125,70468.04302681652,70489.99326799446,36.12366627148785,-21.95024117793946,14.96698283877623,-36.91722401671569,70576.343359375,70879.83079693465,70272.85592181534,191.91685267857142
2026-03-21 22:00:00+00:00,70346.078125,70356.8671875,70270.5390625,70291.234375,0,0.0,0.0,70555.138671875,70441.485625,71775.1139453125,70440.84169576783,70475.27038703191,37.808511325815104,-34.42869126408186,5.087848018204611,-39.51653928228647,70555.138671875,70876.47619242888,70233.80115132112,181.06082589285714
2026-03-21 23:00:00+00:00,70265.4921875,70265.4921875,68875.703125,68875.703125,893892608,0.0,0.0,70465.161328125,70409.28703125,71760.50078125,70200.05114641893,70356.78392317769,15.132233048319748,-156.7327767587558,-27.276276937187472,-129.45649982156831,70465.161328125,71277.5176327945,69652.80502345551,273.73549107142856
2026-03-22 00:00:00+00:00,68903.21875,69084.8046875,68339.5859375,68908.2109375,3266553856,0.0,0.0,70378.95546875,70384.66421875,71745.37140625,70001.30649889294,70249.48222053489,16.63027972461701,-248.17572164195008,-71.45616587814,-176.7195557638101,70378.95546875,71443.4201391806,69314.49079831941,319.5189732142857
2026-03-22 01:00:00+00:00,68942.6171875,69074.5390625,68802.9453125,68959.234375,723529728,0.0,0.0,70291.710546875,70365.05140625,71735.1497265625,69840.98771060172,70153.90830605083,16.814728862071632,-312.92059544910444,-119.74905179233289,-193.17154365677155,70291.710546875,71517.72574946101,69065.69534428898,333.37779017857144
2026-03-22 02:00:00+00:00,68963.9609375,69336.53125,68959.140625,69313.6015625,459825152,0.0,0.0,70219.16171875,70346.6828125,71726.3713671875,69759.85138012454,70091.6633620841,25.237912488250387,-331.8119819595595,-162.1616378257782,-169.6503441337813,70219.16171875,71497.94525709658,68940.37818040341,351.16015625
2026-03-22 03:00:00+00:00,69279.0546875,69552.2734375,69138.40625,69332.0703125,666935296,0.0,0.0,70150.88359375,70325.09671875,71717.2340234375,69694.03890818231,70035.39721026307,25.180693048640308,-341.3583020807564,-198.00097067677382,-143.35733140398258,70150.88359375,71467.36801776187,68834.39916973813,373.08370535714283
2026-03-22 04:00:00+00:00,69336.1171875,69494.2578125,69207.5078125,69322.4296875,283357184,0.0,0.0,70087.70546875,70302.9534375,71707.0591796875,69636.86825884657,69982.5848011695,26.339507951895612,-345.71654232293076,-227.54408500600522,-118.17245731692555,70087.70546875,71437.13499816087,68738.27593933915,361.45145089285717
2026-03-22 05:00:00+00:00,69341.4453125,69341.4453125,69147.1796875,69147.1796875,0,0.0,0.0,70012.234375,70270.93796875,71696.988203125,69561.53155556248,69920.7029408977,23.114410919139203,-359.1713853352121,-253.8695450718466,-105.3018402633655,70012.234375,71396.09537504714,68628.37337495286,356.4838169642857
2026-03-22 06:00:00+00:00,69146.0546875,69219.9765625,69062.5078125,69151.9140625,0,0.0,0.0,69940.35390625,70238.27515625,71688.77515625,69498.51347970671,69863.75561657194,26.68453782372812,-365.24213686522853,-276.14406343052303,-89.0980734347055,69940.35390625,71347.11508847027,68533.59272402975,340.41517857142856
2026-03-22 07:00:00+00:00,69152.8359375,69216.1171875,68923.3125,68923.3125,14460928,0.0,0.0,69854.771484375,70205.01625,71678.68578125,69410.0210212903,69794.09316349254,23.633489444058682,-384.0721422022325,-297.72967918486495,-86.34246301736755,69854.771484375,71291.54771048122,68417.99525826878,348.47377232142856
2026-03-22 08:00:00+00:00,68907.0234375,68971.8046875,68628.953125,68805.8203125,513187840,0.0,0.0,69759.819140625,70171.52203125,71669.289921875,69317.0670660918,69720.88776712272,20.109017933041017,-403.820701030927,-318.9478835540774,-84.8728174768496,69759.819140625,71210.97947805218,68308.65880319782,359.24776785714283
2026-03-22 09:00:00+00:00,68799.2734375,68857.0625,68608.9453125,68817.265625,329285632,0.0,0.0,69664.408203125,70130.7146875,71659.06140625,69240.17453669306,69653.95279363215,20.641160771694743,-413.77825693909836,-337.9139582310816,-75.86429870801675,69664.408203125,71099.06920386224,68229.74720238776,369.41629464285717
2026-03-22 10:00:00+00:00,68820.3828125,68820.3828125,68606.4296875,68659.65625,7567360,0.0,0.0,69567.773828125,70083.35734375,71648.06296875,69150.86403104797,69580.30119780755,17.2345899925062,-429.4371667595842,-356.21859993678214,-73.21856682280207,69567.773828125,70999.62180211525,68135.92585413477,375.203125
2026-03-22 11:00:00+00:00,68647.453125,68671.8671875,68216.140625,68216.140625,857841664,0.0,0.0,69445.96953125,70036.40015625,71633.7825390625,69007.0604301175,69479.25226648847,15.365152912306897,-472.1918363709701,-379.41324722361975,-92.77858914735037,69445.96953125,70903.62047465879,67988.3185878412,392.99051339285717
2026-03-22 12:00:00+00:00,68213.7421875,68733.0703125,68213.7421875,68656.21875,708227072,0.0,0.0,69364.242578125,69997.400625,71621.900859375,68953.0847870225,69418.28682082266,26.37442031635939,-465.2020338001603,-396.57100453892787,-68.63102926123241,69364.242578125,70805.65985982373,67922.82529642628,423.91908482142856
2026-03-22 13:00:00+00:00,68653.9453125,68918.75,68564.640625,68732.0625,488226816,0.0,0.0,69284.96640625,69962.5834375,71610.4277734375,68919.08135824981,69367.45538965061,46.613172999697895,-448.3740314008028,-406.93160991130287,-41.44242148949991,69284.96640625,70679.24734272811,67890.68546977188,348.10323660714283
2026-03-22 14:00:00+00:00,68709.0859375,68897.8046875,68574.5625,68705.0546875,0,0.0,0.0,69199.986328125,69930.24984375,71600.668671875,68886.15417813446,69318.3886709728,45.19742917297677,-432.23449283833907,-411.99218649671013,-20.242306341628932,69199.986328125,70511.6547552946,67888.3179009554,317.96205357142856
2026-03-22 15:00:00+00:00,68708.7421875,68940.5703125,68708.7421875,68828.15625,33644544,0.0,0.0,69122.40859375,69910.1934375,71591.7434375,68877.23141995992,69282.07515830814,47.00345768620783,-404.84373834822327,-410.5624968670128,5.718758518789514,69122.40859375,70318.75330327835,67926.06388422166,315.38504464285717
2026-03-22 16:00:00+00:00,68843.4296875,68860.4921875,68698.125,68829.7109375,0,0.0,0.0,69041.0734375,69890.935,71582.9761328125,68869.92057650455,69248.56669750754,36.81025230412784,-378.64612100299564,-404.17922169420933,25.53310069121369,69041.0734375,70064.19418754333,68017.95268745668,300.02622767857144
2026-03-22 17:00:00+00:00,68816.875,68852.375,68684.703125,68722.84375,0,0.0,0.0,68959.891015625,69869.1475,71573.856640625,68847.29337242692,69209.62425695143,34.15735176404142,-362.33088452450465,-395.8095542602684,33.47866973576373,68959.891015625,69785.47235941657,68134.30967183344,282.4408482142857
2026-03-22 18:00:00+00:00,68688.203125,68734.703125,68438.71875,68572.1953125,317104128,0.0,0.0,68873.9390625,69843.34984375,71563.8992578125,68804.97059397663,69162.40729810318,31.823516050878254,-357.43670412655047,-388.13498423352485,30.69828010697438,68873.9390625,69429.78922974586,68318.08889525413,283.10044642857144
2026-03-22 19:00:00+00:00,68610.453125,68610.453125,68156.375,68184.2890625,1097996288,0.0,0.0,68839.368359375,69807.95625,71551.2042578125,68709.48112759562,69089.9540954659,28.850641773628936,-380.4729678702861,-386.6025809608771,6.129613090591022,68839.368359375,69475.030638183,68203.706080567,301.65848214285717
2026-03-22 20:00:00+00:00,68194.046875,68489.1875,68123.078125,68189.2109375,0,0.0,0.0,68803.418359375,69777.7271875,71538.4951171875,68629.4395598886,69023.23238006102,28.856501626607738,-393.7928201724135,-388.0406288031844,-5.752191369229081,68803.418359375,69500.99813832181,68105.8385804282,316.56138392857144
2026-03-22 21:00:00+00:00,68185.515625,68192.7578125,67408.296875,67833.8359375,1641764864,0.0,0.0,68747.1484375,69731.11328125,71523.2740234375,68507.03900259805,68935.12893987131,27.334371373496168,-428.0899372732674,-396.050490497201,-32.03944677606643,68747.1484375,69563.29067393034,67931.00620106966,351.6796875
2026-03-22 22:00:00+00:00,67877.453125,68364.6640625,67619.6875,68296.4609375,935120896,0.0,0.0,68696.29140625,69696.095,71511.593125,68474.64237719835,68887.82019895491,40.733866199745314,-413.17782175655884,-399.47595674907257,-13.701865007486276,68696.29140625,69490.27404429289,67902.30876820712,380.4029017857143
2026-03-22 23:00:00+00:00,68316.71875,68411.7734375,67846.296875,67846.703125,0,0.0,0.0,68622.023046875,69642.528125,71497.8075,68378.03633839861,68810.70041569899,34.77220576987193,-432.66407730037463,-406.113580859333,-26.550496441041616,68622.023046875,69443.02496188135,67801.02113186863,403.07142857142856
2026-03-23 00:00:00+00:00,67854.984375,68130.328125,67466.7109375,67718.25,68786176,0.0,0.0,68541.8140625,69581.05890625,71482.988359375,68276.53074787575,68729.77816268425,35.09327527339305,-453.24741480850207,-415.54034764916685,-37.707067159335224,68541.8140625,69387.76744191056,67695.86068308943,435.19029017857144
2026-03-23 01:00:00+00:00,67678.8125,68129.265625,67583.265625,67924.46875,0,0.0,0.0,68480.678515625,69529.38859375,71469.510859375,68222.36736358717,68670.12561359652,45.006233179777745,-447.75825000935583,-421.98392812120466,-25.774321888151178,68480.678515625,69319.11979044107,67642.23724080893,441.63839285714283
2026-03-23 02:00:00+00:00,67902.3046875,68319.953125,67820.4609375,68289.7109375,168857600,0.0,0.0,68437.568359375,69481.26515625,71457.445859375,68232.72791341992,68641.94674870049,43.55992279539957,-409.2188352805679,-419.4309095530773,10.212074272509426,68437.568359375,69217.30038605782,67657.83633269218,440.22154017857144
2026-03-23 03:00:00+00:00,68371.6953125,68565.7421875,68062.515625,68068.9921875,0,0.0,0.0,68394.85234375,69432.97609375,71444.232734375,68207.53780173993,68599.50567009304,38.91334505487615,-391.9678683531092,-413.9383013130837,21.97043295997446,68394.85234375,69155.92119371258,67633.78349378741,450.87276785714283
2026-03-23 04:00:00+00:00,68072.1796875,68513.8515625,68069.9375,68513.8515625,0,0.0,0.0,68380.25390625,69388.9465625,71432.5808203125,68254.66299570302,68593.16092138244,47.194995598914396,-338.4979256794177,-398.8502261863505,60.35230050693281,68380.25390625,69119.00482624186,67641.50298625814,459.55970982142856
2026-03-23 05:00:00+00:00,68518.7734375,68850.125,68518.7734375,68845.609375,1175013376,0.0,0.0,68381.67109375,69352.35375,71422.764375,68345.57782328718,68611.8608068356,50.24127145955193,-266.28298354841536,-372.3367776587635,106.05379411034812,68381.67109375,69124.05171396826,67639.29047353174,466.75669642857144
2026-03-23 06:00:00+00:00,68877.9765625,68877.9765625,67741.265625,67806.609375,1326714880,0.0,0.0,68339.01875,69295.839375,71408.1593359375,68262.65960047377,68552.21255262555,39.009193345609035,-289.5529521517892,-355.78001255736865,66.22706040557944,68339.01875,69111.56048313108,67566.47701686893,536.3526785714286
2026-03-23 07:00:00+00:00,67852.125,68414.875,67543.046875,68311.0390625,1792518144,0.0,0.0,68343.763671875,69247.9775,71393.5338671875,68270.10259463164,68534.34784965329,45.92427065855299,-264.2452550216549,-337.4730610502259,73.22780602857102,68343.763671875,69114.29076534661,67573.23657840339,586.6495535714286
2026-03-23 08:00:00+00:00,68303.515625,68641.5234375,68303.515625,68446.6875,830390272,0.0,0.0,68333.287109375,69201.6196875,71380.7351953125,68297.26950314984,68527.8544904197,48.754119973632164,-230.58498726986,-316.0954462941528,85.5104590242928,68333.287109375,69091.5263411328,67575.0478776172,589.6512276785714
2026-03-23 09:00:00+00:00,68417.78125,68417.78125,67922.8515625,68247.9609375,183115776,0.0,0.0,68309.08203125,69152.62625,71366.830390625,68289.68356997294,68507.12163464788,50.656717861114245,-217.43806467493414,-296.3639699703091,78.92590529537495,68309.08203125,69044.27881937615,67573.88524312385,594.6339285714286
2026-03-23 10:00:00+00:00,68321.6484375,68670.203125,68291.34375,68549.3203125,251672576,0.0,0.0,68301.2953125,69111.8928125,71352.2702734375,68329.62768420787,68510.24746263692,53.50016857669632,-180.61977842905617,-273.2151316620585,92.59535323300236,68301.2953125,69021.98948583711,67580.6011391629,598.6434151785714
2026-03-23 11:00:00+00:00,68534.1796875,71401.8515625,68534.1796875,70063.984375,8296083456,0.0,0.0,68363.08671875,69100.04046875,71345.9608984375,68596.45179048358,68625.33908577493,67.68987275095651,-28.88729529135162,-224.34956438791716,195.46226909656554,68363.08671875,69411.42145440471,67314.75198309528,747.4441964285714
2026-03-23 12:00:00+00:00,70082.0390625,70828.5546875,69731.46875,70630.6796875,2473283584,0.0,0.0,68453.13515625,69100.86359375,71341.4381640625,68909.4099284861,68773.88283405086,68.21464975297624,135.5270944352378,-152.37423262328616,287.901327058524,68453.13515625,69902.80607708413,67003.46423541589,772.5948660714286
2026-03-23 13:00:00+00:00,70719.125,71525.5546875,70629.4921875,71410.3125,2168483840,0.0,0.0,68587.50859375,69116.370625,71340.9687890625,69294.16417025747,68969.17392041747,76.44644869826575,324.99024984000425,-56.90133613062808,381.8915859706323,68587.50859375,70549.96533288382,66625.05185461618,796.2081473214286
2026-03-23 14:00:00+00:00,71453.0390625,71696.078125,71190.4140625,71365.3203125,1883529216,0.0,0.0,68727.16484375,69129.5796875,71340.537734375,69612.80357675633,69146.66624575692,77.40532226533836,466.13733099940873,47.706397295379276,418.4309337040295,68727.16484375,71049.56375035163,66404.76593714836,784.92578125
2026-03-23 15:00:00+00:00,71457.4375,71623.90625,70131.59375,70131.59375,1987919872,0.0,0.0,68824.530078125,69117.701875,71333.9865234375,69692.61744956305,69219.62383866381,64.36658509844125,472.9936108992406,132.76384001615156,340.22977088308903,68824.530078125,71213.42570044531,66435.63445580468,852.51953125
2026-03-23 16:00:00+00:00,70107.0390625,70680.6640625,70107.0390625,70545.265625,2353709056,0.0,0.0,68942.3328125,69116.7603125,71328.565703125,69823.79409193798,69317.81952654057,64.58983753189983,505.9745653974096,207.40598509240317,298.56858030500644,68942.3328125,71429.65462840561,66455.01099659438,857.8147321428571
2026-03-23 17:00:00+00:00,70561.5625,71098.25,70419.9296875,71083.4921875,1485176832,0.0,0.0,69104.815625,69125.385625,71324.92859375,70017.59379894752,69448.61009401904,68.72967363256335,568.9837049284833,279.72152905961923,289.2621758688641,69104.815625,71709.06080245996,66500.57044754004,870.3214285714286
2026-03-23 18:00:00+00:00,71067.3984375,71154.96875,70900.5234375,71056.4375,173412352,0.0,0.0,69242.814453125,69140.69921875,71321.26078125,70177.41590680175,69567.708420388,66.6626731668556,609.7074864137539,345.71872053044615,263.9887658833078,69242.814453125,71956.88921439734,66528.73969185266,856.7204241071429
2026-03-23 19:00:00+00:00,71075.15625,71170.8671875,70651.0703125,70651.0703125,0,0.0,0.0,69383.0328125,69147.36890625,71315.3003515625,70250.2858153707,69647.95744943332,61.71890925944895,602.3283659373847,397.0406496118338,205.28771632555083,69383.0328125,72083.14168185524,66682.92394314475,869.8292410714286
2026-03-23 20:00:00+00:00,70679.421875,70952.390625,70596.109375,70907.671875,1178177536,0.0,0.0,69542.50390625,69157.42921875,71311.7915625,70351.42213223675,69741.26962910492,72.4039410201589,610.1525031318306,439.6630203158332,170.4894828159974,69542.50390625,72205.0983836854,66879.9094288146,814.0842633928571
2026-03-23 21:00:00+00:00,70893.953125,70972.8046875,70818.7265625,70889.0078125,0,0.0,0.0,69690.730859375,69167.61515625,71308.509921875,70434.12762150803,69826.28727231937,70.03073994395909,607.8403491886565,473.2984860903979,134.54186309825866,69690.730859375,72303.66648726299,67077.79523148702,762.81640625
2026-03-23 22:00:00+00:00,70827.125,70827.125,70535.609375,70759.2578125,0,0.0,0.0,69814.208203125,69173.67203125,71304.2511328125,70484.1476508914,69895.39620122164,67.98508741337345,588.7514496697695,496.38907880627227,92.36237086349723,69814.208203125,72381.38009650382,67247.03630974618,763.9157366071429
2026-03-23 23:00:00+00:00,70783.0,70919.921875,70406.1171875,70919.921875,0,0.0,0.0,69956.7546875,69185.140625,71301.4104296875,70551.1898392158,69971.28699187188,70.90386122238425,579.9028473439248,513.0918325138028,66.81101483012196,69956.7546875,72430.81797848533,67482.69139651467,763.19921875
2026-03-24 00:00:00+00:00,70898.6640625,71045.5234375,70510.125,70694.296875,0,0.0,0.0,70065.776953125,69193.201875,71297.726796875,70573.20630625953,70024.843279511,66.9822839491664,548.3630267485278,520.1460713607479,28.216955387779876,70065.776953125,72463.09916580631,67668.45474044367,771.2818080357143
2026-03-24 01:00:00+00:00,70648.890625,70832.515625,70360.375,70505.296875,0,0.0,0.0,70148.761328125,69225.79375,71291.1119921875,70562.75870145037,70060.4324347324,54.42225973025531,502.32626671796606,516.5821104321916,-14.255843714225534,70148.761328125,72482.29811625343,67815.22453999656,600.1724330357143
2026-03-24 02:00:00+00:00,70499.40625,70656.46875,70424.046875,70444.484375,0,0.0,0.0,70280.655078125,69256.51921875,71286.411171875,70544.56265122723,70088.88072660408,47.92368340811082,455.6819246231462,504.4020732703825,-48.72014864723633,70280.655078125,72338.73176563796,68222.57839061203,538.4107142857143
2026-03-24 03:00:00+00:00,70440.03125,70554.234375,70397.609375,70523.75,0,0.0,0.0,70391.290625,69287.80953125,71281.23984375,70541.36070488457,70121.09326537415,38.283589178116706,420.2674395104259,487.5751465183912,-67.30770700796529,70391.290625,72229.73285762884,68552.84839237115,485.59375
2026-03-24 04:00:00+00:00,70523.875,70671.8046875,70270.3984375,70376.3203125,0,0.0,0.0,70487.772265625,69309.06390625,71274.3261328125,70515.96987528694,70139.99897256865,37.274372223004086,375.970902718298,465.2542977583726,-89.2833950400746,70487.772265625,72082.95913208037,68892.58539916962,478.14676339285717
2026-03-24 05:00:00+00:00,70362.28125,70362.28125,70129.859375,70260.484375,748859392,0.0,0.0,70588.3984375,69327.6321875,71265.305703125,70476.66441370433,70148.9238171932,52.328252893028505,327.7405965111393,437.751557508926,-110.0109609977867,70588.3984375,71795.33827205624,69381.45860294376,389.15736607142856
2026-03-24 06:00:00+00:00,70263.3984375,70522.984375,70254.359375,70518.46875,0,0.0,0.0,70686.855859375,69351.55296875,71253.8787109375,70483.0958500575,70176.29751591962,49.487098202002564,306.79833413788583,411.560912834718,-104.76257869683218,70686.855859375,71422.77864752004,69950.93307122997,367.3716517857143
2026-03-24 07:00:00+00:00,70518.859375,71331.5,70489.46875,71331.5,0,0.0,0.0,70750.231640625,69395.239375,71246.6412109375,70613.61956543328,70261.86807029594,54.295123489028455,351.75149513734505,399.59902929524344,-47.847534157898394,70750.231640625,71478.57273365642,70021.89054759359,379.06529017857144
2026-03-24 08:00:00+00:00,71277.5234375,71277.5234375,70863.7890625,70915.6640625,0,0.0,0.0,70764.480859375,69430.514375,71238.46953125,70660.0879495974,70310.2974030518,47.85135615330865,349.7905465455988,389.63733274531455,-39.84678619971578,70764.480859375,71494.12359301114,70034.83812573887,394.29854910714283
2026-03-24 09:00:00+00:00,70954.3125,71318.828125,70860.8984375,71307.640625,47820800,0.0,0.0,70759.347265625,69478.2009375,71231.24234375,70759.71143812087,70384.17467875166,60.06245255593311,375.53675936920627,386.8172180700929,-11.28045870088664,70759.347265625,71471.08271489761,70047.61181635238,389.8794642857143
2026-03-24 10:00:00+00:00,71302.625,71307.2578125,71110.4140625,71262.15625,152907776,0.0,0.0,70754.1890625,69527.32765625,71224.708359375,70837.01063994842,70449.21035069598,55.80863037478173,387.80028925243823,387.013832306562,0.7864569458762389,70754.1890625,71448.72053067546,70059.65759432453,378.51841517857144
2026-03-24 11:00:00+00:00,71264.0703125,71291.578125,70994.4375,71123.2421875,0,0.0,0.0,70803.771484375,69573.4471875,71212.0171484375,70881.04626264867,70499.13863490369,53.69267377070987,381.9076277449785,385.9925913942453,-4.084963649266797,70803.771484375,71451.14403083998,70156.39893791002,388.73716517857144
2026-03-24 12:00:00+00:00,71143.7421875,71143.7421875,70869.4453125,70936.03125,0,0.0,0.0,70823.309765625,69618.9746875,71197.29578125,70889.50549147195,70531.50105083676,52.73721877185044,358.00444063519535,380.39496124243533,-22.390520607239978,70823.309765625,71461.35212417455,70185.26740707546,383.08705357142856
2026-03-24 13:00:00+00:00,70940.84375,71020.2265625,70017.3828125,70017.3828125,0,0.0,0.0,70770.004296875,69654.99953125,71176.557265625,70755.33277163011,70493.41821836737,38.68163176530294,261.91455326274445,356.6988796464972,-94.78432638375273,70770.004296875,71489.46456897071,70050.5440247793,418.01841517857144
2026-03-24 14:00:00+00:00,70070.2578125,70423.1796875,69515.4765625,69906.9375,138326016,0.0,0.0,70712.529296875,69680.01390625,71157.348359375,70624.81042214856,70449.97520219201,39.832324455205814,174.83521995654155,320.326147708506,-145.49092775196448,70712.529296875,71514.56387394233,69910.49471980767,444.61160714285717
2026-03-24 15:00:00+00:00,69833.625,70193.4921875,69795.5703125,69875.765625,0,0.0,0.0,70673.7640625,69702.88796875,71139.25671875,70509.57276104878,70407.44115943705,41.52499589817374,102.13160161173437,276.68723848915175,-174.55563687741738,70673.7640625,71558.94305911641,69788.5850658836,439.31026785714283
2026-03-24 16:00:00+00:00,69869.234375,69945.90625,69383.1484375,69452.984375,0,0.0,0.0,70601.0296875,69717.8465625,71120.90390625,70347.02070165666,70336.74065688615,37.837387154275206,10.280044770508539,223.40579974542314,-213.1257549749146,70601.0296875,71632.28933735832,69569.77003764169,462.9056919642857
2026-03-24 17:00:00+00:00,69441.28125,69479.46875,68934.4375,69221.265625,604794880,0.0,0.0,70517.642578125,69725.70875,71100.6948828125,70173.82761294025,70254.11287674643,34.59862834507172,-80.28526380617404,162.6675870351037,-242.95285084127775,70517.642578125,71708.25122196738,69327.03393428262,490.6489955357143
2026-03-24 18:00:00+00:00,69284.5390625,69702.84375,69166.9140625,69419.03125,506191872,0.0,0.0,70450.63125,69737.49515625,71079.1780078125,70057.70509556483,70192.2549784689,38.81359243509523,-134.54988290407346,103.2240930472683,-237.77397595134175,70450.63125,71731.4300176384,69169.83248236161,500.2578125
2026-03-24 19:00:00+00:00,69410.4375,69648.640625,69276.390625,69297.703125,0,0.0,0.0,70369.5203125,69748.99234375,71057.8525,69940.78171547793,70125.99187821195,38.76383595616258,-185.2101627340162,45.537241891011405,-230.7474046250276,70369.5203125,71728.27716942823,69010.76345557177,509.2427455357143
2026-03-24 20:00:00+00:00,69318.796875,70220.421875,69277.375,70043.5078125,871616512,0.0,0.0,70336.980859375,69778.41859375,71038.845625,69956.5857304044,70119.88194741847,45.02358262760077,-163.29621701406722,3.770550109995682,-167.0667671240629,70336.980859375,71694.15857698559,68979.80314176442,557.4157366071429
2026-03-24 21:00:00+00:00,70051.0234375,70314.296875,69920.40625,70280.640625,609001472,0.0,0.0,70325.748046875,69820.345625,71020.0305859375,70006.44032957296,70131.7899976097,37.47849626523879,-125.34966803673888,-22.053493519351232,-103.29617451738764,70325.748046875,71680.77722628185,68970.71886746815,525.4056919642857
2026-03-24 22:00:00+00:00,70293.453125,70513.671875,70159.40625,70343.359375,653373440,0.0,0.0,70320.691796875,69863.42859375,71004.4621484375,70058.27402886943,70147.4618033423,42.554130066657585,-89.18777447286993,-35.48034971005497,-53.70742476281496,70320.691796875,71674.60969036155,68966.77390338846,517.3024553571429
2026-03-24 23:00:00+00:00,70298.3828125,70783.234375,70265.484375,70531.625,595103744,0.0,0.0,70321.085546875,69917.384375,70990.8907421875,70131.09725519721,70175.91833642806,39.33865988897523,-44.82108123085345,-37.348496014214675,-7.472585216638777,70321.085546875,71675.25664525235,68966.91444849764,521.5753348214286
2026-03-25 00:00:00+00:00,70525.5625,70995.4453125,70510.4296875,70869.515625,13664256,0.0,0.0,70345.7453125,69968.84546875,70976.37140625,70244.70008132071,70227.29591335932,45.00685516720647,17.40416796138743,-26.397963219094258,43.80213118048169,70345.7453125,71721.93490836759,68969.55571663241,542.1316964285714
2026-03-25 01:00:00+00:00,70827.4140625,70925.3828125,70631.0390625,70702.359375,0,0.0,0.0,70367.8390625,70025.95859375,70960.073125,70315.10920342522,70262.48579940679,44.68587549444154,52.623404018435394,-10.593689771588327,63.217093790023725,70367.8390625,71752.42762416964,68983.25050083037,541.9319196428571
2026-03-25 02:00:00+00:00,70685.796875,70721.453125,70483.390625,70483.5703125,0,0.0,0.0,70366.094140625,70081.265,70942.6356640625,70341.02629712904,70278.86243000628,44.33236059163051,62.16386712275562,3.9578216072804615,58.206045515475154,70366.094140625,71749.97119469247,68982.21708655755,539.34375
2026-03-25 03:00:00+00:00,70490.4296875,70757.6796875,70405.984375,70729.296875,430514176,0.0,0.0,70335.983984375,70137.3615625,70926.4692578125,70400.7602321861,70312.22794445026,60.7258123368323,88.53228773584124,20.872714832992617,67.65957290284862,70335.983984375,71656.15741009823,69015.81055865176,492.83314732142856
2026-03-25 04:00:00+00:00,70709.2578125,70924.8125,70696.578125,70924.8125,65097728,0.0,0.0,70336.44140625,70190.06359375,70909.9982421875,70481.38365800363,70357.60457819469,64.95218989997292,123.77907980894088,41.45398782818227,82.3250919807586,70336.44140625,71657.46658586383,69015.41622663617,444.29966517857144
2026-03-25 05:00:00+00:00,70932.953125,71295.6171875,70932.828125,71089.2734375,510869504,0.0,0.0,70325.523046875,70250.46921875,70893.3596875,70574.90516254153,70411.80227147655,67.15421331748917,163.10289106497657,65.78376847554114,97.31912258943544,70325.523046875,71616.006814013,69035.03927973699,442.3627232142857
2026-03-25 06:00:00+00:00,71092.890625,71227.1484375,71000.7421875,71014.7578125,239230976,0.0,0.0,70313.153125,70300.48734375,70874.965,70642.57480099668,70456.4656448857,74.48850342386045,186.1091561109788,89.84884600262868,96.26031010835013,70313.153125,71570.14260982208,69056.16364017791,418.33761160714283
2026-03-25 07:00:00+00:00,70982.921875,71235.7109375,70886.9609375,70908.28125,0,0.0,0.0,70302.405078125,70341.74078125,70855.2438671875,70683.45271622796,70489.93346748676,77.53370021472251,193.51924874119868,110.58292655034268,82.936322190856,70302.405078125,71533.64151010192,69071.16864614807,404.31752232142856
2026-03-25 08:00:00+00:00,70903.484375,71468.2265625,70790.1015625,71229.4296875,345554944,0.0,0.0,70317.075,70410.1971875,70835.3680078125,70767.44917334673,70544.71096526552,78.40348885952633,222.73820808120945,133.01398285651604,89.72422522469341,70317.075,71586.49827044296,69047.65172955704,414.47433035714283
2026-03-25 09:00:00+00:00,71226.1640625,71350.203125,71112.1015625,71327.7734375,0,0.0,0.0,70382.59453125,70470.531875,70813.9031640625,70853.65290629338,70602.71559283845,82.08131165351803,250.9373134549387,156.5986489762006,94.33866447873811,70382.59453125,71720.31907866834,69044.86998383165,404.89229910714283
2026-03-25 10:00:00+00:00,71365.6796875,71554.5703125,71299.5703125,71490.6015625,0,0.0,0.0,70461.777734375,70531.41015625,70795.2980859375,70951.64500724825,70668.4849239245,78.03392621472074,283.1600833237608,181.91093584571263,101.24914747804814,70461.777734375,71866.7454964637,69056.80997228631,355.74609375
2026-03-25 11:00:00+00:00,71486.8984375,71946.390625,71467.0078125,71661.7578125,780009472,0.0,0.0,70551.07734375,70599.68609375,70781.4883203125,71060.89313113314,70742.0606934486,77.4576834545336,318.8324376845412,209.29523621347835,109.53720147106287,70551.07734375,72024.57958422744,69077.57510327257,361.85267857142856
2026-03-25 12:00:00+00:00,71705.8359375,71817.859375,71198.8984375,71682.5703125,364318720,0.0,0.0,70662.556640625,70662.35109375,70768.542265625,71156.53577442035,70811.72807263759,77.07570564356905,344.80770178276,236.39772932733467,108.4099724554253,70662.556640625,72123.56981092223,69201.54347032777,380.75948660714283
2026-03-25 13:00:00+00:00,71701.3828125,71907.1953125,71555.296875,71645.2109375,0,0.0,0.0,70783.75390625,70693.975625,70756.81109375,71231.7165687403,70873.46754410888,73.97716988685872,358.24902463142644,260.767988388153,97.48103624327342,70783.75390625,72139.72872976334,69427.77908273666,368.91294642857144
2026-03-25 14:00:00+00:00,71564.5859375,71626.0703125,71258.9609375,71296.828125,0,0.0,0.0,70877.64375,70707.29859375,70742.8819140625,71241.7337312418,70904.82758713786,59.15929292455674,336.90614410393755,275.99561953130996,60.910524572627594,70877.64375,72087.96279013039,69667.32470986962,361.85825892857144
2026-03-25 15:00:00+00:00,71223.5,71256.4375,70584.640625,70834.3203125,0,0.0,0.0,70954.474609375,70695.77875,70725.7662109375,71179.05474374305,70899.60482605358,52.510649935936875,279.4499176894751,276.686479162943,2.763438526532127,70954.474609375,71910.97566420153,69997.97355454847,391.70424107142856
2026-03-25 16:00:00+00:00,70838.890625,71706.296875,70797.7578125,71291.734375,0,0.0,0.0,71016.8859375,70694.30703125,70711.385,71196.39007162873,70928.65145930887,64.09597444751194,267.73861231986666,274.8969057943277,-7.158293474461061,71016.8859375,71881.60103379766,70152.17084120234,439.59542410714283
2026-03-25 17:00:00+00:00,71303.25,71327.46875,70722.234375,70737.6953125,0,0.0,0.0,71039.738671875,70706.4290625,70695.3210546875,71125.82164714739,70914.50655954525,50.13226048548826,211.3150876021391,262.18054215589,-50.86545455375091,71039.738671875,71844.61502523297,70234.86231851704,457.70535714285717
2026-03-25 18:00:00+00:00,70745.5390625,71080.75,70732.734375,70758.75,0,0.0,0.0,71060.508203125,70710.69875,70680.5135546875,71069.34908604779,70902.96903661598,47.23275287452091,166.38004943181295,243.02044361107463,-76.64039417926168,71060.508203125,71809.19916951259,70311.81723673742,466.2611607142857
2026-03-25 19:00:00+00:00,70773.6640625,71024.2890625,70761.7265625,70781.0078125,0,0.0,0.0,71072.97734375,70704.6490625,70664.129296875,71024.98889011735,70893.93487186664,44.60752961499144,131.05401825071021,220.62715853900175,-89.57314028829154,71072.97734375,71792.31178926818,70353.64289823182,458.7421875
2026-03-25 20:00:00+00:00,70849.5,71033.109375,70636.125,70991.0234375,0,0.0,0.0,71079.052734375,70703.34078125,70650.4379296875,71019.76343586853,70901.12661746913,49.603607459173396,118.63681839940546,200.22909051108252,-81.59227211167706,71079.052734375,71793.1854473464,70364.9200214036,470.9263392857143
2026-03-25 21:00:00+00:00,70982.8828125,71135.3046875,70932.6328125,70997.5703125,0,0.0,0.0,71093.81328125,70710.27078125,70637.0848828125,71016.34910919645,70908.27059487882,51.54272910114332,108.07851431763265,181.79897527239257,-73.72046095475991,71093.81328125,71787.06121273921,70400.56534976079,460.4921875
2026-03-25 22:00:00+00:00,71007.4453125,71524.359375,70940.5234375,71345.9453125,0,0.0,0.0,71136.93203125,70719.03625,70621.8988671875,71067.056217397,70940.69094433224,51.99438352500669,126.3652730647591,170.7122348308659,-44.3469617661068,71136.93203125,71775.48382153863,70498.38024096139,453.7572544642857
2026-03-25 23:00:00+00:00,71353.3203125,71396.9453125,71179.1328125,71317.3515625,0,0.0,0.0,71166.334765625,70727.603125,70608.7359375,71105.56319356669,70968.59173086318,49.8172462545072,136.97146270351368,163.96408040539546,-26.992617701881784,71166.334765625,71779.50585329004,70553.16367795995,452.3080357142857
2026-03-26 00:00:00+00:00,71311.6640625,71393.2109375,71148.0390625,71243.4140625,0,0.0,0.0,71182.26484375,70737.28625,70594.253671875,71126.77101955643,70988.94894061406,45.52594218227685,137.8220789423649,158.73568011278937,-20.91360117042447,71182.26484375,71785.4898752506,70579.03981224941,451.6060267857143
2026-03-26 01:00:00+00:00,71258.0078125,71312.203125,71153.0078125,71252.234375,0,0.0,0.0,71190.412890625,70743.9325,70577.843125,71146.07307424006,71008.4515653834,42.124904226071536,137.6215088566678,154.51284586156507,-16.89133700489728,71190.412890625,71792.75089746459,70588.0748837854,428.73549107142856
2026-03-26 02:00:00+00:00,71247.9609375,71255.8828125,70717.8671875,70867.078125,225431552,0.0,0.0,71183.02890625,70747.388125,70558.6944921875,71103.15077435697,70997.97945868832,36.24552313737479,105.17131566864555,144.6445398229812,-39.47322415433564,71183.02890625,71797.9234720488,70568.13434045119,422.9536830357143
2026-03-26 03:00:00+00:00,70880.796875,70945.40625,70675.46875,70864.46875,0,0.0,0.0,71180.83828125,70754.5715625,70540.47078125,71066.43046291743,70988.08977656325,36.6754399298139,78.34068635417498,131.38376912921996,-53.04308277504498,71180.83828125,71800.15048468042,70561.5260778196,417.09933035714283
2026-03-26 04:00:00+00:00,70860.96875,70874.7890625,70697.3125,70754.3984375,0,0.0,0.0,71157.08671875,70760.76984375,70521.402734375,71018.42553593013,70970.77930700302,39.922902533824484,47.64622892711486,114.63626108879895,-66.99003216168408,71157.08671875,71804.35762216106,70509.81581533894,402.1869419642857
2026-03-26 05:00:00+00:00,70750.1015625,70750.1015625,69956.7734375,69983.71875,182083584,0.0,0.0,71089.883984375,70749.96921875,70497.8188671875,70859.23987655627,70897.66371018799,35.8212764849132,-38.42383363172121,84.02424214469492,-122.44807577641613,71089.883984375,71916.72228593404,70263.04568281597,408.2896205357143
2026-03-26 06:00:00+00:00,69976.6640625,70114.34375,69845.5703125,70077.34375,488939520,0.0,0.0,71019.22109375,70743.9896875,70476.6568359375,70738.94816477838,70836.89926869259,26.963364751911783,-97.95110391420894,47.62917293291415,-145.5802768471231,71019.22109375,71938.28134112795,70100.16084637206,362.59207589285717
2026-03-26 07:00:00+00:00,70060.6171875,70109.34375,69805.421875,70076.09375,176820224,0.0,0.0,70939.937890625,70740.301875,70457.336953125,70636.97056250478,70780.54330434499,34.118961980024224,-143.57274184020935,9.388789978289449,-152.9615318184988,70939.937890625,71898.3477559866,69981.52802526341,341.0697544642857
2026-03-26 08:00:00+00:00,70063.6953125,70077.6953125,69794.609375,69978.7265625,0,0.0,0.0,70854.745703125,70729.50703125,70437.9513671875,70535.70225481174,70721.14947161573,31.9380877090788,-185.4472168039938,-29.578411378167203,-155.8688054258266,70854.745703125,71837.80003151415,69871.69137473583,336.43191964285717
2026-03-26 09:00:00+00:00,69989.6875,70075.0546875,69383.3671875,69565.8046875,918487040,0.0,0.0,70750.775390625,70694.193125,70415.288828125,70386.48724445609,70635.56837649604,26.172195737692874,-249.08113203995163,-73.47895551052409,-175.60217652942754,70750.775390625,71818.06090434766,69683.48987690234,366.87109375
2026-03-26 10:00:00+00:00,69563.9609375,69658.328125,69451.046875,69460.2890625,232046592,0.0,0.0,70658.9484375,70665.085625,70390.8295703125,70243.99521646285,70548.51064953337,18.702638809021792,-304.51543307052634,-119.68625102252454,-184.8291820480018,70658.9484375,71838.5339878225,69479.3628871775,353.3208705357143
2026-03-26 11:00:00+00:00,69479.796875,69605.1875,69242.5625,69264.1328125,0,0.0,0.0,70580.4390625,70624.21546875,70364.546015625,70093.24715431471,70453.37155049387,17.108423018767226,-360.12439617916243,-167.7738800538521,-192.35051612531032,70580.4390625,71910.31723095725,69250.56089404273,364.74609375
2026-03-26 12:00:00+00:00,69255.953125,69421.5703125,69222.3359375,69421.5703125,0,0.0,0.0,70486.930859375,70587.40375,70340.724140625,69989.91225557399,70376.94182916099,10.632891161898684,-387.02957358700223,-211.62501876048213,-175.4045548265201,70486.930859375,71868.22665117194,69105.63506757807,337.27455357142856
2026-03-26 13:00:00+00:00,69414.984375,69826.125,69245.7734375,69518.5390625,414111744,0.0,0.0,70425.973046875,70555.3096875,70318.56375,69917.39330279337,70313.35643903795,14.20295893682254,-395.9631362445798,-248.49264225730167,-147.47049398727813,70425.973046875,71866.98720504928,68984.95888870073,363.17020089285717
2026-03-26 14:00:00+00:00,69600.421875,69750.765625,69293.4375,69506.859375,140247040,0.0,0.0,70363.378515625,70526.72625,70296.28265625,69854.234236979,70253.61591577588,14.563837351299128,-399.3816787968826,-278.67044956521784,-120.71122923166479,70363.378515625,71851.51733935063,68875.23969189936,378.32421875
2026-03-26 15:00:00+00:00,69454.84375,69454.84375,68819.421875,69042.921875,472600576,0.0,0.0,70276.47421875,70507.23703125,70272.056875,69729.4169505207,70163.9348757184,11.978875360323528,-434.5179251977097,-309.83994469171625,-124.67798050599345,70276.47421875,71861.75459425617,68691.19384324382,416.05580357142856
2026-03-26 16:00:00+00:00,69059.0703125,69059.0703125,68808.8984375,68897.984375,0,0.0,0.0,70171.822265625,70487.05796875,70246.396328125,69601.50424659443,70070.16076455408,13.058568329718,-468.65651795965096,-341.60325934530323,-127.05325861434773,70171.822265625,71833.01422291175,68510.63030833825,395.4955357142857
2026-03-26 17:00:00+00:00,68884.6796875,69104.578125,68448.4765625,68448.4765625,0,0.0,0.0,70044.367578125,70458.5121875,70217.8646875,69424.11537211837,69950.03600884636,11.183326931815046,-525.9206367279985,-378.46673482184235,-147.45390190615615,70044.367578125,71825.61909222402,68263.11606402599,423.0786830357143
2026-03-26 18:00:00+00:00,68431.0390625,68535.171875,68134.265625,68417.5703125,1961172992,0.0,0.0,69897.948828125,70437.80390625,70190.272265625,69269.26228602324,69836.52003133923,11.475232477267468,-567.2577453159902,-416.22493692067195,-151.03280839531823,69897.948828125,71709.87808671122,68086.01956953877,439.03794642857144
2026-03-26 19:00:00+00:00,68435.5078125,68621.546875,68331.015625,68584.140625,164651008,0.0,0.0,69761.28828125,70425.06140625,70168.5369140625,69163.85895355811,69743.7511864252,21.187645552682028,-579.8922328670888,-448.9583961099553,-130.93383675713346,69761.28828125,71534.33395417844,67988.24260832157,402.8169642857143
2026-03-26 20:00:00+00:00,68510.28125,69281.46875,68413.1796875,68958.2109375,1496965120,0.0,0.0,69647.028125,70415.845,70151.411171875,69132.22079724148,69685.56301983816,29.345898420040314,-553.3422225966788,-469.8351614073,-83.50706118937876,69647.028125,71308.96490094307,67985.09134905692,445.63950892857144
2026-03-26 21:00:00+00:00,68969.7578125,69130.953125,68864.953125,68926.3828125,475009024,0.0,0.0,69530.735546875,70408.41859375,70135.7897265625,69100.55341497356,69629.32744892422,29.018377792668844,-528.7740339506563,-481.6229359159713,-47.15109803468499,69530.735546875,71038.03875467801,68023.432339072,442.93080357142856
2026-03-26 22:00:00+00:00,68884.1171875,68986.375,68605.6484375,68831.703125,0,0.0,0.0,69428.966796875,70384.1825,70123.3716015625,69059.19183190071,69570.24416567056,29.046870138803655,-511.05233376985416,-487.5088154867479,-23.543518283106266,69428.966796875,70827.27565007062,68030.65794367938,449.90513392857144
2026-03-26 23:00:00+00:00,68851.03125,68930.9921875,68623.6171875,68772.9375,104534016,0.0,0.0,69324.390234375,70354.0284375,70109.6594921875,69015.15270391598,69511.18441265792,33.36382323724095,-496.0317087419389,-489.2133941377861,-6.8183146041528175,69324.390234375,70575.78985205296,68072.99061669703,422.45424107142856
2026-03-27 00:00:00+00:00,68778.71875,68909.015625,68524.25,68707.9765625,0,0.0,0.0,69222.069140625,70321.32078125,70096.54953125,68967.89483600583,69451.68753486844,33.94145977026828,-483.7926988626132,-488.1292550827515,4.336556220138334,69222.069140625,70304.38196573978,68139.75631551021,435.13169642857144
2026-03-27 01:00:00+00:00,68725.046875,69008.4453125,68668.96875,68999.703125,0,0.0,0.0,69172.868359375,70290.68234375,70083.4644921875,68972.788418928,69418.20720821152,44.57686157514076,-445.418789283518,-479.58716192290484,34.16837263938686,69172.868359375,70197.31451774236,68148.42220100765,433.47823660714283
2026-03-27 02:00:00+00:00,69009.4296875,69082.3515625,68862.15625,68884.2734375,122109952,0.0,0.0,69113.21484375,70250.9775,70072.921484375,68959.17072947754,69378.65655852918,38.78748157712825,-419.4858290516422,-467.56689534865234,48.081066297010125,69113.21484375,70051.19897920976,68175.23070829024,434.97544642857144
2026-03-27 03:00:00+00:00,68873.0546875,68873.0546875,68644.6875,68741.234375,188006400,0.0,0.0,69046.471875,70211.755,70061.0714453125,68925.64205955793,69331.44010048998,34.08492518739142,-405.79804093205894,-455.2131244653337,49.41508353327475,69046.471875,69880.13959067532,68212.80415932469,410.63504464285717
2026-03-27 04:00:00+00:00,68729.7890625,68729.7890625,68269.15625,68542.78125,515092480,0.0,0.0,68974.674609375,70172.93921875,70047.58171875,68866.74039654901,69273.02092637961,31.66323910510924,-406.2805298306048,-445.42660553838795,39.146075707783154,68974.674609375,69712.06222180426,68237.28699694574,411.68861607142856
2026-03-27 05:00:00+00:00,68542.09375,68817.0390625,68505.7578125,68582.5859375,0,0.0,0.0,68925.513671875,70130.005,70034.0293359375,68823.02432592609,69221.87759387001,39.56002678960592,-398.85326794392313,-436.111938019495,37.2586700755719,68925.513671875,69627.20038168078,68223.82696206922,384.8203125
2026-03-27 06:00:00+00:00,68578.9765625,68788.1171875,68546.3046875,68615.8203125,0,0.0,0.0,68883.290234375,70083.82515625,70021.411328125,68791.146785399,69176.98446191667,43.259263683226266,-385.8376765176654,-426.05708571912913,40.21940920146375,68883.290234375,69550.25492512314,68216.32554362687,384.2232142857143
2026-03-27 07:00:00+00:00,68620.2109375,68907.578125,68418.7265625,68418.7265625,1357963264,0.0,0.0,68841.019921875,70030.41421875,70007.184921875,68733.85136649146,69120.81721010803,49.1918231518897,-386.9658436165628,-418.23883729861586,31.272993682053084,68841.019921875,69513.49246381242,68168.54737993759,372.2767857142857
2026-03-27 08:00:00+00:00,68480.609375,68536.6796875,67616.8203125,67910.8203125,1849540608,0.0,0.0,68765.482421875,69968.33546875,69991.6865625,68607.23120433894,69031.1878102852,39.06717726059168,-423.9566059462668,-419.3823910281461,-4.574214918120674,68765.482421875,69499.92184970749,68031.04299404251,409.34486607142856
2026-03-27 09:00:00+00:00,67896.78125,67916.234375,67607.5703125,67670.0234375,0,0.0,0.0,68673.056640625,69903.5703125,69974.3350390625,68463.04539405603,68930.36081970853,30.890514096077396,-467.3154256525013,-428.96899795301715,-38.34642769948414,68673.056640625,69470.9804767412,67875.1328045088,410.6400669642857
2026-03-27 10:00:00+00:00,67641.8984375,67727.109375,66422.984375,66486.0078125,1919025152,0.0,0.0,68522.0140625,69808.701875,69951.5113671875,68158.88576612434,68749.29763398938,11.392750999214286,-590.4118678650411,-461.257571935422,-129.15429592961914,68522.0140625,69705.75656630739,67338.27155869262,441.77120535714283
2026-03-27 11:00:00+00:00,66460.5390625,66818.1328125,66371.2421875,66668.6796875,1756696576,0.0,0.0,68403.301953125,69715.52,69928.739140625,67929.62329248982,68595.17778610128,16.32885139701257,-665.5544936114602,-502.11695627062966,-163.43753734083054,68403.301953125,69820.30933014098,66986.29457610902,454.6919642857143
2026-03-27 12:00:00+00:00,66676.8984375,66716.5234375,66414.5625,66590.46875,362377216,0.0,0.0,68287.926171875,69617.51734375,69907.4823046875,67723.59951672216,68446.68082046414,16.4094589974287,-723.0813037419866,-546.309825764901,-176.77147797708562,68287.926171875,69897.9601147548,66677.89222899522,449.0658482142857
2026-03-27 13:00:00+00:00,66590.1796875,66672.3125,66064.2578125,66095.171875,850956288,0.0,0.0,68170.2609375,69506.185625,69883.779296875,67473.07218722644,68272.49497265198,14.51072483215917,-799.4227854255441,-596.9324176970297,-202.49036772851446,68170.2609375,70051.94478547641,66288.57708952359,470.54296875
2026-03-27 14:00:00+00:00,66139.3671875,66322.46875,65703.7265625,66175.203125,1900404736,0.0,0.0,68058.142578125,69396.03828125,69861.962421875,67273.40002380699,68117.14002097407,16.56590907684597,-843.739997167082,-646.2939335910402,-197.44606357604187,68058.142578125,70134.88953890759,65981.39561734241,487.25558035714283
2026-03-27 15:00:00+00:00,66168.5625,66552.0546875,65953.578125,66089.65625,1187127296,0.0,0.0,67933.418359375,69284.9271875,69841.3083984375,67091.28559706746,67966.95603793896,9.374263801272164,-875.6704408715013,-692.1692350471324,-183.50120582436898,67933.418359375,70170.583486314,65696.253232436,505.75558035714283
2026-03-27 16:00:00+00:00,66075.796875,66086.4375,65794.703125,65933.7421875,576593920,0.0,0.0,67782.194921875,69177.66546875,69821.1765234375,66913.20199559555,67816.34760457311,9.269484791358408,-903.1456089775602,-734.3645098332179,-168.7810991443423,67782.194921875,70133.65343803765,65430.73640571234,511.09542410714283
2026-03-27 17:00:00+00:00,65952.265625,66232.8984375,65585.15625,65604.5,212033536,0.0,0.0,67616.10078125,69073.0690625,69796.72515625,66711.86322704238,67652.5070412714,8.816252677186682,-940.6438142290135,-775.620370712377,-165.02344351663646,67616.10078125,70093.19119884925,65139.010363650756,540.2494419642857
2026-03-27 18:00:00+00:00,65603.640625,65884.921875,65539.1875,65833.9140625,0,0.0,0.0,67466.211328125,68963.91265625,69775.2970703125,66576.79412480509,67517.79645025129,14.720755369697713,-941.0023254461994,-808.6967616591415,-132.30556378705785,67466.211328125,69995.82764726435,64936.59500898566,531.2248883928571
2026-03-27 19:00:00+00:00,65817.0703125,66041.453125,65668.4140625,66041.453125,0,0.0,0.0,67329.637109375,68869.9878125,69755.9293359375,66494.43397098892,67408.43768541787,18.29064995076868,-914.0037144289527,-829.7581522131038,-84.24556221584885,67329.637109375,69857.14498262349,64802.129236126515,535.6361607142857
2026-03-27 20:00:00+00:00,66021.203125,66068.0546875,65795.3515625,65980.7890625,0,0.0,0.0,67193.277734375,68774.42859375,69739.2912109375,66415.41167737523,67302.6859355721,17.34250458950109,-887.2742581968632,-841.2613734098558,-46.012884787007465,67193.277734375,69701.87768179136,64684.677786958644,537.8426339285714
2026-03-27 21:00:00+00:00,65972.2578125,66124.53125,65972.2578125,66034.46875,0,0.0,0.0,67045.016015625,68679.4978125,69719.9761328125,66356.80507316366,67208.74392182601,19.361335156483733,-851.9388486623502,-843.3968684603547,-8.541980201995557,67045.016015625,69452.55395355783,64637.47807769219,513.8013392857143
2026-03-27 22:00:00+00:00,66027.5625,66027.7421875,65882.765625,65998.34375,0,0.0,0.0,66900.71953125,68579.64421875,69702.165390625,66301.65717729233,67119.0846498389,22.032852661138662,-817.4274725465657,-838.202989277597,20.775516731031303,66900.71953125,69186.98793847604,64614.45112402395,458.9330357142857
2026-03-27 23:00:00+00:00,65979.34375,66351.5703125,65937.5546875,66351.5703125,301936640,0.0,0.0,66781.236328125,68486.72421875,69686.661640625,66309.33612117043,67062.23173596195,31.333371677852952,-752.895614791516,-821.1415143803808,68.24589958886486,66781.236328125,68906.61706675883,64655.85558949116,466.45814732142856
2026-03-28 00:00:00+00:00,66363.4140625,66468.921875,66252.890625,66376.828125,0,0.0,0.0,66672.938671875,68387.341875,69671.3144921875,66319.71950637498,67011.46109811291,47.699368828628906,-691.7415917379258,-795.2615298518899,103.51993811396414,66672.938671875,68634.83053196293,64711.046811787084,388.73716517857144
2026-03-28 01:00:00+00:00,66379.7421875,66379.7421875,66027.359375,66063.234375,0,0.0,0.0,66546.97109375,68282.25953125,69652.33890625,66280.26025539421,66941.22208158603,37.90919217795862,-660.9618261918222,-768.4015891198765,107.43976292805428,66546.97109375,68305.58738423296,64788.35480326705,381.98660714285717
2026-03-28 02:00:00+00:00,66125.5625,66205.796875,65916.359375,66000.3359375,0,0.0,0.0,66416.196875,68177.39796875,69633.1268359375,66237.19497571819,66871.52681165373,38.14246559859851,-634.3318359355471,-741.5876384830107,107.25580254746353,66416.196875,67893.5421790259,64938.85157097409,381.09207589285717
2026-03-28 03:00:00+00:00,66004.3125,66190.7421875,66004.3125,66167.8359375,0,0.0,0.0,66303.65234375,68075.71,69612.56578125,66226.52435445385,66819.40156171643,51.68154584341248,-592.8772072625725,-711.845552238923,118.96834497635052,66303.65234375,67442.93568501298,65164.369002487016,351.26004464285717
2026-03-28 04:00:00+00:00,66184.3125,66254.578125,66091.3359375,66190.46875,0,0.0,0.0,66217.634765625,67982.1778125,69591.063359375,66220.97733838402,66772.81394603373,50.36290831828954,-551.8366076497041,-679.8437633210792,128.00715567137513,66217.634765625,67069.52828462786,65365.74124662214,318.72433035714283
2026-03-28 05:00:00+00:00,66231.0703125,66318.1640625,66170.484375,66309.6015625,0,0.0,0.0,66149.613671875,67891.08046875,69570.183203125,66234.61183440186,66738.50191762381,55.146556105194264,-503.8900832219515,-644.6530273012537,140.7629440793022,66149.613671875,66663.35533341391,65635.8720103361,286.52455357142856
2026-03-28 06:00:00+00:00,66301.0625,66446.078125,66267.3125,66365.6328125,0,0.0,0.0,66143.594921875,67803.30515625,69551.314609375,66254.76890795543,66710.88198391093,60.60146973090731,-456.113075955509,-606.9450370321048,150.8319610765958,66143.594921875,66643.37352434064,65643.81631940936,278.22544642857144
2026-03-28 07:00:00+00:00,66372.9765625,66508.2421875,66356.8046875,66508.2421875,0,0.0,0.0,66135.573046875,67733.795625,69534.1564453125,66293.76479711614,66695.87162862123,74.42144241446721,-402.1068315050943,-565.9773959267027,163.87056442160838,66135.573046875,66604.03417871389,65667.1119150361,242.77511160714286
2026-03-28 08:00:00+00:00,66504.671875,66512.9765625,66355.9765625,66355.9765625,0,0.0,0.0,66123.8484375,67659.36828125,69514.776171875,66303.33583794443,66670.69421631595,64.72127738319733,-367.3583783715294,-526.2535924156681,158.8952140441387,66123.8484375,66554.59160970023,65693.10526529976,229.29408482142858
2026-03-28 09:00:00+00:00,66358.8046875,66360.9140625,66215.6796875,66266.0546875,0,0.0,0.0,66132.392578125,67583.1675,69494.0495703125,66297.60027633759,66640.72091788513,56.783336243387495,-343.12064154754626,-489.6270022420438,146.50636069449752,66132.392578125,66567.49781824589,65697.28733800411,213.02232142857142
2026-03-28 10:00:00+00:00,66267.984375,66364.84375,66096.53125,66188.984375,0,0.0,0.0,66133.081640625,67507.37265625,69472.8465234375,66280.89013767027,66607.25895174549,56.2261400221486,-326.36881407522014,-456.9753646086791,130.60655053345897,66133.081640625,66568.51587031092,65697.64741093907,212.70870535714286
2026-03-28 11:00:00+00:00,66172.8671875,66316.484375,66172.8671875,66306.5,0,0.0,0.0,66143.923828125,67442.1865625,69450.6392578125,66284.83011649022,66584.98051087545,57.83598883787919,-300.15039438522945,-425.61037056398925,125.4599761787598,66143.923828125,66585.55983019409,65702.28782605591,212.09040178571428
2026-03-28 12:00:00+00:00,66298.8515625,66483.078125,66221.578125,66407.1015625,0,0.0,0.0,66167.591796875,67381.1228125,69428.7494921875,66303.64110818403,66571.80429247727,61.35275763454019,-268.1631842932402,-394.1209333098395,125.95774901659928,66167.591796875,66612.5244221606,65722.6591715894,219.93303571428572
2026-03-28 13:00:00+00:00,66407.640625,67060.8515625,66386.6640625,66766.0703125,0,0.0,0.0,66225.6703125,67331.1615625,69409.6485546875,66374.78406269418,66586.19436803451,61.475636766334446,-211.4103053403378,-357.57880771593915,146.16850237560135,66225.6703125,66664.32275311409,65787.01787188592,238.51674107142858
2026-03-28 14:00:00+00:00,66799.0078125,66897.875,66672.484375,66715.3359375,0,0.0,0.0,66269.74140625,67277.036875,69390.822578125,66427.17665881815,66595.76041021715,59.24139078356347,-168.58375139899726,-319.7797964525508,151.19604505355352,66269.74140625,66719.63731612373,65819.84549637628,239.18526785714286
2026-03-28 15:00:00+00:00,66710.609375,67201.6484375,66686.9765625,66939.7421875,0,0.0,0.0,66314.655859375,67225.4609375,69371.233125,66506.03289399997,66621.24054186772,75.15391479420482,-115.20764786774816,-278.86536673559027,163.6577188678421,66314.655859375,66841.38747218909,65787.9242465609,250.77734375
2026-03-28 16:00:00+00:00,66980.3828125,67038.5390625,66824.65625,66881.890625,0,0.0,0.0,66359.7109375,67172.9615625,69350.5049609375,66563.85716030767,66640.54795543308,75.37224498239397,-76.69079512541066,-238.43045241355435,161.7396572881437,66359.7109375,66919.32705624103,65800.09481875897,245.38058035714286
2026-03-28 17:00:00+00:00,66880.21875,66935.890625,66687.828125,66807.7421875,0,0.0,0.0,66398.374609375,67128.25796875,69331.723671875,66601.37793372187,66652.93271336396,69.46316379777396,-51.55477964208694,-201.0553178592609,149.50053821717395,66398.374609375,66970.09599563797,65826.65322311202,249.49888392857142
2026-03-28 18:00:00+00:00,66804.546875,66900.34375,66804.546875,66886.6171875,0,0.0,0.0,66442.78828125,67088.030625,69313.12578125,66645.26089584158,66670.24267441107,70.47335456329239,-24.981778569490416,-165.8406100013068,140.85883143181638,66442.78828125,67021.62832339018,65863.94823910983,244.68136160714286
2026-03-28 19:00:00+00:00,66866.6171875,66886.625,66780.21875,66848.3359375,0,0.0,0.0,66467.6265625,67056.0278125,69295.0028515625,66676.50320994286,66683.43476797322,66.63498465754482,-6.93155803035188,-134.05879960711582,127.12724157676394,66467.6265625,67072.05311155043,65863.20001344956,241.73325892857142
2026-03-28 20:00:00+00:00,66853.859375,66952.625,66853.859375,66908.625,0,0.0,0.0,66494.21640625,67025.84890625,69277.9373046875,66712.21425456704,66700.11552590113,66.7224860812365,12.098728665907402,-104.82729395251117,116.92602261841857,66494.21640625,67127.905566726,65860.52724577399,236.41350446428572
2026-03-28 21:00:00+00:00,66889.2578125,66889.2578125,66591.984375,66648.7578125,0,0.0,0.0,66523.492578125,66987.14125,69262.0262109375,66702.45172501827,66696.31125083438,54.035956952186055,6.1404741838923655,-82.63374032523048,88.77421450912284,66523.492578125,67126.71461504794,65920.27054120207,248.21372767857142
2026-03-28 22:00:00+00:00,66645.828125,66732.328125,66550.96875,66693.78125,0,0.0,0.0,66558.16484375,66941.85265625,69246.531953125,66701.11780578468,66696.12384336516,60.339558573853985,4.993962419524905,-65.1081997762794,70.10216219580431,66558.16484375,67112.51167870316,66003.81800879684,249.95368303571428
2026-03-28 23:00:00+00:00,66701.28125,66701.28125,66253.2265625,66324.1875,0,0.0,0.0,66565.982421875,66889.80875,69229.091796875,66643.12852797165,66668.57300311589,51.519234931174026,-25.444475144235184,-57.17545484987056,31.730979705635377,66565.982421875,67101.23315810919,66030.73168564081,271.58370535714283
2026-03-29 00:00:00+00:00,66331.703125,66438.765625,66259.4921875,66412.140625,0,0.0,0.0,66577.066015625,66841.4175,69211.842109375,66607.59192751447,66649.57801214434,55.79894918915407,-41.986084629868856,-54.13758080587022,12.151496176001366,66577.066015625,67088.21400639598,66065.918024854,265.22377232142856
2026-03-29 01:00:00+00:00,66433.6640625,66539.84375,66341.3125,66514.4921875,0,0.0,0.0,66587.310546875,66796.24859375,69194.6447265625,66593.26889058917,66639.57165476328,55.44782991262355,-46.302764174106414,-52.570617479517466,6.267853305411052,66587.310546875,67083.89308193445,66090.72801181555,269.14620535714283
2026-03-29 02:00:00+00:00,66516.7578125,66765.59375,66510.9609375,66732.2578125,0,0.0,0.0,66605.641796875,66756.73421875,69179.8026953125,66614.65180165238,66646.4372960771,58.024153434461056,-31.785494424722856,-48.413592868558545,16.62809844383569,66605.641796875,67094.78078572487,66116.50280802514,268.6556919642857
2026-03-29 03:00:00+00:00,66747.0859375,67000.8125,66720.859375,66851.75,467705856,0.0,0.0,66622.8171875,66713.77515625,69163.2387890625,66651.12844755201,66661.64564451583,52.39779788271407,-10.517196963817696,-40.83431368761038,30.317116723792687,66622.8171875,67121.58476280593,66124.04961219407,240.49609375
2026-03-29 04:00:00+00:00,66850.796875,66876.4609375,66687.3203125,66687.3203125,0,0.0,0.0,66639.384375,66669.83609375,69146.438515625,66656.69642677477,66663.54747177391,49.262874010244936,-6.851044999144506,-34.03765994991721,27.186614950772707,66639.384375,67122.60177127314,66156.16697872685,237.90680803571428
2026-03-29 05:00:00+00:00,66682.03125,66750.3203125,66565.4375,66732.3125,0,0.0,0.0,66662.697265625,66629.65765625,69127.47484375,66668.32966880941,66668.64117756844,43.973270019112306,-0.3115087590267649,-27.292429711739125,26.98092095271236,66662.697265625,67114.01376345189,66211.38076779811,214.35044642857142
2026-03-29 06:00:00+00:00,66732.8359375,66810.890625,66592.71875,66689.59375,0,0.0,0.0,66687.727734375,66592.59390625,69106.9642578125,66671.60106591566,66670.19321997078,44.36337821745901,1.4078459448792273,-21.552374580415457,22.960220525294684,66687.727734375,67080.10249925955,66295.35296949046,214.65680803571428
2026-03-29 07:00:00+00:00,66687.859375,66687.859375,66507.3359375,66647.484375,0,0.0,0.0,66704.776953125,66553.891875,69087.6617578125,66667.89080577479,66668.51108330628,45.21258967788311,-0.6202775314886821,-17.3659551706301,16.74567763914142,66704.776953125,67054.74588915362,66354.80801709637,209.95647321428572
2026-03-29 08:00:00+00:00,66614.203125,66691.4453125,66574.2890625,66668.8125,0,0.0,0.0,66717.8625,66514.95171875,69067.52640625,66668.03260488636,66668.53341046878,43.261807969140484,-0.500805582414614,-13.992925252987005,13.492119670572391,66717.8625,67039.38188301012,66396.34311698988,211.48214285714286
2026-03-29 09:00:00+00:00,66668.53125,66696.4140625,66511.2890625,66572.8046875,0,0.0,0.0,66708.19921875,66478.03328125,69047.973203125,66653.38215605769,66661.44239395257,41.769889201071585,-8.060237894882448,-12.806387781366094,4.746149886483646,66708.19921875,67035.1887037038,66381.2097337962,217.10491071428572
2026-03-29 10:00:00+00:00,66578.4765625,66578.4765625,66390.203125,66463.203125,155119616,0.0,0.0,66695.592578125,66449.0809375,69026.712578125,66624.12384358728,66646.7580036598,37.075992637391536,-22.634160072513623,-14.771942239595601,-7.862217832918022,66695.592578125,67040.38044302793,66350.80471322207,223.10379464285714
2026-03-29 11:00:00+00:00,66461.15625,66867.734375,66461.15625,66766.0078125,233811968,0.0,0.0,66686.905859375,66431.000625,69007.1663671875,66645.95214649693,66655.59132283315,53.319325872517354,-9.639176336218952,-13.74538905892027,4.1062127227013185,66686.905859375,67014.09927804412,66359.71244070587,229.52790178571428
2026-03-29 12:00:00+00:00,66770.6484375,66806.3046875,66656.234375,66785.875,90222592,0.0,0.0,66682.105078125,66436.99796875,68987.9341015625,66667.47873934355,66665.24196558625,52.64482835988333,2.236773757307674,-10.548956495674682,12.785730252982356,66682.105078125,66999.93610398783,66364.27405226216,227.29296875
2026-03-29 13:00:00+00:00,66792.5234375,66792.5234375,66499.4921875,66500.6015625,0,0.0,0.0,66666.748046875,66433.63640625,68966.9164453125,66641.80532752146,66653.04638017245,55.32427602012665,-11.24105265099206,-10.687375726738157,-0.553676924253903,66666.748046875,66988.67341891045,66344.82267483955,216.21986607142858
2026-03-29 14:00:00+00:00,66518.8203125,66659.984375,66437.7265625,66518.265625,0,0.0,0.0,66648.33046875,66432.19234375,68945.6848828125,66622.79921944124,66643.06262053005,53.34482418989461,-20.263401088814135,-12.602580799153353,-7.660820289660782,66648.33046875,66959.25140520127,66337.40953229874,219.29017857142858
2026-03-29 15:00:00+00:00,66533.1875,66654.0078125,66308.6015625,66467.59375,0,0.0,0.0,66629.293359375,66439.64078125,68924.5346875,66598.92145491182,66630.06492641672,48.47209142508081,-31.143471504896297,-16.310758940301945,-14.832712564594353,66629.293359375,66935.23677682866,66323.34994192135,229.78125
2026-03-29 16:00:00+00:00,66464.84375,66590.9609375,66392.6640625,66449.625,0,0.0,0.0,66606.343359375,66445.12921875,68903.8528515625,66575.95276954077,66616.6990059414,39.413943852379866,-40.746236400620546,-21.197854432365666,-19.54838196825488,66606.343359375,66892.26827909367,66320.41843965632,225.75725446428572
2026-03-29 17:00:00+00:00,66443.671875,66475.109375,66136.609375,66329.515625,0,0.0,0.0,66590.38125,66449.92640625,68882.217421875,66538.03936268835,66595.4261629087,30.448669201520914,-57.3868002203526,-28.435643589963057,-28.95115663038954,66590.38125,66900.92097154538,66279.84152845464,229.93917410714286
2026-03-29 18:00:00+00:00,66328.7109375,66449.1171875,66281.7265625,66368.765625,0,0.0,0.0,66574.13046875,66458.626875,68861.1136328125,66511.99724919783,66578.63649343398,36.84057652959135,-66.6392442361539,-36.076363719201225,-30.562880516952674,66574.13046875,66895.70751396459,66252.5534235354,228.38560267857142
2026-03-29 19:00:00+00:00,66370.5,66415.1640625,66290.3046875,66290.3046875,224741376,0.0,0.0,66572.436328125,66472.34296875,68839.3903515625,66477.89070124432,66557.2785818833,32.232069392190226,-79.38788063898392,-44.738667103157766,-34.64921353582615,66572.436328125,66899.86143897373,66245.01121727626,224.09821428571428
2026-03-29 20:00:00+00:00,66294.15625,66710.8046875,66294.15625,66540.9609375,158541824,0.0,0.0,66578.87734375,66486.48390625,68818.5708203125,66487.59381451443,66556.06986748455,44.88099145979863,-68.47605297011614,-49.486144276549446,-18.989908693566697,66578.87734375,66897.98810472146,66259.76658277855,238.55022321428572
2026-03-29 21:00:00+00:00,66557.625,66693.1015625,66486.296875,66677.4140625,105584640,0.0,0.0,66587.0234375,66499.203125,68798.33046875,66516.79692958914,66565.05832637458,50.96789841488002,-48.26139678544132,-49.241194778327824,0.9797979928865033,66587.0234375,66907.528738918,66266.518136082,240.30357142857142
2026-03-29 22:00:00+00:00,66672.9296875,66672.9296875,65036.53125,65802.9296875,1888307200,0.0,0.0,66540.55703125,66495.6459375,68774.3833984375,66406.97120003696,66508.60435312461,31.95531199223724,-101.63315308764868,-59.719586440191996,-41.91356664745668,66540.55703125,67008.12966023546,66072.98440226456,349.1411830357143
2026-03-29 23:00:00+00:00,65802.6875,66180.78125,65802.6875,65973.1328125,1738020864,0.0,0.0,66496.626171875,66494.41921875,68750.9879296875,66340.22683272358,66468.93979455982,37.877916893027255,-128.7129618362378,-73.51826151940116,-55.194700316836645,66496.626171875,67004.4586241773,65988.7937195727,362.92466517857144
2026-03-30 00:00:00+00:00,65957.6015625,66876.328125,65773.0546875,66259.03125,1248913408,0.0,0.0,66475.21171875,66499.63296875,68730.829296875,66327.73520461225,66453.3910134813,46.147359731108295,-125.65580886905082,-83.9457709893311,-41.71003787971972,66475.21171875,66985.30171364426,65965.12172385573,428.2818080357143
2026-03-30 01:00:00+00:00,66234.484375,66751.1875,66234.484375,66585.34375,540108800,0.0,0.0,66467.86328125,66504.3084375,68712.1680859375,66367.36728851806,66463.16529026047,46.62092062926129,-95.79800174241245,-86.31621713994738,-9.48178460246507,66467.86328125,66966.46328455345,65969.26327794655,436.1478794642857
2026-03-30 02:00:00+00:00,66579.6796875,67286.265625,66550.625,67039.9296875,970250240,0.0,0.0,66485.380078125,66517.57046875,68695.344453125,66470.83842682297,66505.88857894488,54.08711914595184,-35.050152121912106,-76.06300413634033,41.01285201442822,66485.380078125,67038.42297825594,65932.33717799406,477.97433035714283
2026-03-30 03:00:00+00:00,67087.5078125,67224.9609375,66934.859375,67106.546875,993060864,0.0,0.0,66508.333203125,66538.43671875,68678.9786328125,66568.63972654252,66550.38178606008,60.48589235740262,18.257940482435515,-57.19881521258516,75.45675569502068,66508.333203125,67124.23675027455,65892.42965597546,477.7650669642857
2026-03-30 04:00:00+00:00,67091.390625,67561.2578125,67091.390625,67541.890625,1237766144,0.0,0.0,66551.987109375,66569.2678125,68664.406015625,66718.37063399752,66623.82688524082,65.47656733554139,94.543748756696,-26.85030241872893,121.39405117542493,66551.987109375,67320.61208412278,65783.36213462721,495.45145089285717
2026-03-30 05:00:00+00:00,67559.140625,67655.2265625,67402.3515625,67476.421875,799993856,0.0,0.0,66597.16796875,66595.43953125,68650.0556640625,66834.99390184405,66686.98206966743,65.18490470187587,148.01183217662037,8.12212450034093,139.88970767627944,66597.16796875,67470.09959739096,65724.23634010904,488.84207589285717
2026-03-30 06:00:00+00:00,67452.453125,67517.578125,67246.5546875,67274.3828125,764342272,0.0,0.0,66637.726953125,66617.1178125,68634.97140625,66902.59219579112,66730.49323580318,61.76248403910392,172.09895998793945,40.91749159786064,131.1814683900788,66637.726953125,67558.51820043147,65716.93570581854,494.03683035714283
2026-03-30 07:00:00+00:00,67252.828125,67512.0078125,67193.8203125,67502.453125,364709888,0.0,0.0,66674.54921875,66640.97484375,68628.10515625,66994.87849259248,66787.67544981776,66.22839255294312,207.20304277472314,74.17460183323314,133.02844094149,66674.54921875,67672.5995564564,65676.49888104362,492.5859375
2026-03-30 08:00:00+00:00,67554.953125,67830.078125,67554.953125,67619.65625,1900691456,0.0,0.0,66716.23828125,66666.0553125,68621.6623828125,67090.99814757826,66849.30365723866,66.94148767326209,241.69449033959245,107.678579534505,134.01591080508746,66716.23828125,67799.85508826686,65632.62147423314,504.03125
2026-03-30 09:00:00+00:00,67616.3671875,67621.3125,67415.8359375,67453.9765625,876087296,0.0,0.0,66763.90703125,66684.97,68614.13609375,67146.84098064314,66894.09424281357,65.39649462285566,252.7467378295696,136.69221119351795,116.05452663605166,66763.90703125,67890.60532447128,65637.20873802871,509.7896205357143
2026-03-30 10:00:00+00:00,67448.46875,67465.34375,67341.5859375,67438.390625,31676416,0.0,0.0,66809.91328125,66706.61828125,68604.7600390625,67191.69477208266,66934.41249334591,62.66144943510609,257.2822787367477,160.8102247021639,96.47205403458378,66809.91328125,67969.0545128924,65650.7720496076,488.59375
2026-03-30 11:00:00+00:00,67443.2265625,67840.6015625,67443.2265625,67602.984375,788334592,0.0,0.0,66866.6828125,66733.356875,68596.114609375,67254.9700956084,66983.9363364314,62.95559973492379,271.03375917699304,182.85493159712976,88.17882757986328,66866.6828125,68065.75819140821,65667.6074335918,502.5513392857143
2026-03-30 12:00:00+00:00,67624.53125,67919.5078125,67615.203125,67863.6015625,731158528,0.0,0.0,66937.381640625,66766.84921875,68588.82046875,67348.60570589942,67049.0967235476,84.82960607629168,299.50898235182103,206.18574174806804,93.32324060375299,66937.381640625,68198.07540698937,65676.68787426062,407.95424107142856
2026-03-30 13:00:00+00:00,67853.6953125,68069.59375,67478.3203125,67478.3203125,1306716160,0.0,0.0,66994.821875,66790.285625,68580.476171875,67368.56179922259,67080.89106347,73.71646207857562,287.67073575258837,222.48274054897212,65.18799520361625,66994.821875,68243.52921611967,65746.11453388032,423.18136160714283
2026-03-30 14:00:00+00:00,67461.21875,67811.078125,67099.046875,67757.8203125,1602723840,0.0,0.0,67064.274609375,66817.3,68573.505703125,67428.44772434219,67131.03397080555,73.66335852063459,297.4137535366317,237.46894314650405,59.94481039012766,67064.274609375,68320.85971899042,65807.68949975958,395.23549107142856
2026-03-30 15:00:00+00:00,67753.5625,67823.1171875,67398.2109375,67578.46875,1083797504,0.0,0.0,67128.6828125,66833.54796875,68566.781484375,67451.5278821357,67164.17728778292,66.44280717730086,287.35059435278527,247.4452733877603,39.90532096502497,67128.6828125,68349.78473038092,65907.58089461908,388.67857142857144
2026-03-30 16:00:00+00:00,67587.203125,67587.203125,67220.7421875,67274.59375,545058816,0.0,0.0,67165.364453125,66844.733125,68559.1253515625,67424.30724642251,67172.35628498418,54.08932611957164,251.9509614383278,248.34641099787382,3.604550440453977,67165.364453125,68355.82116689399,65974.90773935601,362.30859375
2026-03-30 17:00:00+00:00,67303.3203125,67375.0390625,66664.7890625,66727.1640625,1078489088,0.0,0.0,67167.851953125,66840.4815625,68548.67484375,67317.05444889597,67139.3790833187,44.337635988386324,177.67536557727726,234.2122019137545,-56.53683633647725,67167.851953125,68354.21653589627,65981.48737035375,392.31919642857144
2026-03-30 18:00:00+00:00,66764.703125,66823.0625,66468.46875,66535.0078125,900239360,0.0,0.0,67204.455859375,66833.54390625,68538.0516015625,67196.73958175813,67094.61084103583,33.79576892804964,102.12874072229897,207.79550967546342,-105.66676895316445,67204.455859375,68250.36230397105,66158.54941477894,384.0853794642857
2026-03-30 19:00:00+00:00,66594.2734375,66594.2734375,66211.5234375,66424.765625,779100160,0.0,0.0,67227.0375,66825.884375,68529.0947265625,67077.97435764149,67044.99267688503,33.31565065640741,32.9816807564639,172.8327438916635,-139.8510631351996,67227.0375,68176.01847007971,66278.0565299203,393.36216517857144
2026-03-30 20:00:00+00:00,66480.578125,66617.78125,66480.578125,66608.578125,284151808,0.0,0.0,67244.51484375,66820.32359375,68518.8565234375,67005.75955261973,67012.66567304169,39.37567786573583,-6.906120421961532,136.8849710289385,-143.79109145090004,67244.51484375,68129.12358093794,66359.90610656206,387.79017857142856
2026-03-30 21:00:00+00:00,66594.25,66930.125,66550.0234375,66763.3046875,1011724288,0.0,0.0,67253.412890625,66818.62296875,68509.012734375,66968.45880413977,66994.19448892749,37.9226269955347,-25.735684787723585,104.3608398656061,-130.09652465332968,67253.412890625,68113.3398292532,66393.4859519968,392.21261160714283
2026-03-30 22:00:00+00:00,66758.3671875,66928.9453125,66650.421875,66739.3828125,0,0.0,0.0,67238.385546875,66815.238125,68499.184375,66933.2163438875,66975.31954993286,35.164464762065265,-42.10320604535809,75.06803068341327,-117.17123672877136,67238.385546875,68124.13691224314,66352.63418150686,388.70535714285717
2026-03-30 23:00:00+00:00,66735.6875,66735.6875,66378.109375,66691.9140625,0,0.0,0.0,67217.65390625,66816.10125,68488.5031640625,66896.09291598173,66954.32655086376,36.62373565614235,-58.23363488202449,48.407697570325716,-106.64133245235021,67217.65390625,68135.2356439334,66300.07216856659,399.83370535714283
2026-03-31 00:00:00+00:00,66727.5234375,67225.8984375,66507.421875,67084.796875,0,0.0,0.0,67194.79921875,66823.9215625,68479.77859375,66925.12429429224,66963.99101931829,44.51938679131045,-38.86672502604779,30.952813051051017,-69.8195380770988,67194.79921875,68101.07755074653,66288.52088675348,442.31361607142856
2026-03-31 01:00:00+00:00,67140.5390625,68292.8125,67021.2109375,67933.984375,1710804992,0.0,0.0,67217.67734375,66856.1175,68475.834296875,67080.33353747806,67035.84237899841,54.23224610319296,44.49115847965004,33.660482136770824,10.830676342879215,67217.67734375,68175.52385096865,66259.83083653134,504.41294642857144
2026-03-31 02:00:00+00:00,67901.2578125,68028.9375,67765.625,67948.859375,0,0.0,0.0,67251.401171875,66886.851875,68472.7176171875,67213.95289709682,67103.47326759112,51.16322697688896,110.47962950570218,49.02431161055709,61.455317895145086,67251.401171875,68263.60542576591,66239.19691798408,500.61216517857144
2026-03-31 03:00:00+00:00,67932.046875,67949.8671875,67610.25,67651.0625,0,0.0,0.0,67258.831640625,66909.58328125,68470.051484375,67281.2005283127,67144.03543295474,52.41447088242681,137.16509535795194,66.65246836003607,70.51262699791587,67258.831640625,68280.92914877489,66236.7341324751,482.63671875
2026-03-31 04:00:00+00:00,67653.84375,67788.0078125,67471.7109375,67482.0234375,0,0.0,0.0,67251.95,66924.57859375,68466.515546875,67312.09636049536,67169.07158143958,46.02227400359666,143.0247790557769,81.92693049918424,61.09784855659265,67251.95,68265.63725496754,66238.26274503245,454.36997767857144
2026-03-31 05:00:00+00:00,67489.15625,67713.53125,67362.265625,67622.9765625,0,0.0,0.0,67260.4,66940.003125,68465.46125,67359.92408388069,67202.69417262924,50.64911093336615,157.22991125144472,96.98752664963634,60.24238460180838,67260.4,68283.94767146042,66236.85232853956,449.1099330357143
2026-03-31 06:00:00+00:00,67632.703125,67632.703125,67316.7109375,67456.2890625,42102784,0.0,0.0,67261.294921875,66955.3825,68461.260390625,67374.74946520673,67221.47897928633,52.760337170135145,153.270485920395,108.24411850378809,45.02636741660692,67261.294921875,68285.52891696733,66237.06092678267,445.50502232142856
2026-03-31 07:00:00+00:00,67439.3359375,67451.171875,67084.0625,67316.1640625,878780416,0.0,0.0,67246.95390625,66967.05953125,68458.6076953125,67365.73632632877,67228.49268915401,60.21195440162975,137.2436371747608,114.04402223798263,23.199614936778175,67246.95390625,68259.00322998781,66234.90458251219,421.36049107142856
2026-03-31 08:00:00+00:00,67315.796875,67433.5546875,66732.75,66766.40625,0,0.0,0.0,67192.094140625,66968.59578125,68453.8484765625,67273.53169920127,67194.2640640315,53.5693368907399,79.26763516977371,107.08874482434086,-27.821109654567152,67192.094140625,68182.11147702308,66202.07680422693,446.08984375
2026-03-31 09:00:00+00:00,66738.4765625,66827.4765625,65980.9765625,66037.6875,953315328,0.0,0.0,67120.0625,66956.39984375,68444.4145703125,67083.40182240107,67108.59172595509,44.98597376101556,-25.189903554026387,80.63301514866743,-105.82291870269381,67120.0625,68225.32228615003,66014.80271384997,479.21484375
2026-03-31 10:00:00+00:00,66107.5078125,66398.21875,66092.1796875,66294.359375,969719808,0.0,0.0,67046.889453125,66948.91078125,68434.4378125,66962.01067664706,67048.27821847695,46.005164878824,-86.26754182988952,47.25290375295603,-133.52044558284555,67046.889453125,68168.03181256611,65925.74709368388,491.1802455357143
2026-03-31 11:00:00+00:00,66305.7109375,66778.96875,66202.2109375,66638.390625,507084800,0.0,0.0,66999.885546875,66950.2225,68427.2848046875,66912.22297639366,67017.91617451569,48.48483125517644,-105.69319812202593,16.663683377959636,-122.35688149998558,66999.885546875,68105.91384220077,65893.85725154923,505.2271205357143
2026-03-31 12:00:00+00:00,66629.9375,66861.7421875,66490.625,66617.140625,448180224,0.0,0.0,66967.012890625,66953.30125,68417.80125,66866.82569156386,66988.22909677378,48.51627854933442,-121.40340520991595,-10.94973433961548,-110.45367087030047,66967.012890625,68077.73433948694,65856.29144176307,511.84095982142856
2026-03-31 13:00:00+00:00,66630.609375,67321.1328125,66630.609375,67197.9765625,0,0.0,0.0,66990.553515625,66961.940625,68409.5630859375,66917.77197940019,67003.76594608683,55.43824299818658,-85.99396668664122,-25.958580809020628,-60.035385877620584,66990.553515625,68099.8272170725,65881.2798141775,536.3208705357143
2026-03-31 14:00:00+00:00,67202.6015625,67667.7421875,66478.3984375,66552.484375,325591040,0.0,0.0,66991.42734375,66957.2728125,68403.2924609375,66861.57388641554,66970.33768156188,44.574243423252966,-108.76379514634027,-42.51962367648456,-66.24417146985571,66991.42734375,68099.21661691429,65883.6380705857,569.9542410714286
2026-03-31 15:00:00+00:00,66609.2734375,67210.8828125,66609.2734375,66695.515625,343322624,0.0,0.0,67004.96484375,66961.17109375,68395.21484375,66836.02646158238,66949.98049218692,35.25374600469577,-113.95403060453827,-56.8065050620953,-57.14752554244298,67004.96484375,68089.98039677234,65919.94929072766,526.1540178571429
2026-03-31 16:00:00+00:00,66753.0078125,67924.3515625,66732.5,67551.109375,1145847808,0.0,0.0,67052.09140625,66981.82796875,68390.736953125,66946.03921749278,66994.50855758048,46.054055227105735,-48.4693400877004,-55.139072067216325,6.669731979515923,67052.09140625,68146.4513224402,65957.73149005978,595.1199776785714
2026-03-31 17:00:00+00:00,67590.2265625,68399.34375,67396.1328125,67426.0546875,1588404224,0.0,0.0,67085.22890625,67000.9971875,68386.627421875,67019.88775134005,67026.47493757452,47.68854924583513,-6.5871862344647525,-45.42869490066602,38.841508666201264,67085.22890625,68182.90119105618,65987.55662144383,642.51953125
2026-03-31 18:00:00+00:00,67461.6953125,67873.828125,67461.6953125,67720.03125,0,0.0,0.0,67134.261328125,67026.4053125,68382.4809765625,67127.60213574927,67077.84947923567,52.383806547428094,49.75265651360678,-26.392424617811457,76.14508113141824,67134.261328125,68254.26903863603,66014.25361761395,651.9107142857143
2026-03-31 19:00:00+00:00,67788.4375,67953.578125,67701.6328125,67760.78125,317972480,0.0,0.0,67187.7046875,67055.030625,68370.9649609375,67225.01430717246,67128.43701781081,51.40847657117123,96.57728936165222,-1.798481821918724,98.37577118357095,67187.7046875,68320.76893485333,66054.64044014666,644.81640625
2026-03-31 20:00:00+00:00,67817.828125,68184.640625,67817.828125,68184.640625,281108480,0.0,0.0,67242.696875,67091.348125,68358.734765625,67372.64912529978,67206.67432204704,57.07254385206292,165.97480325274228,31.75617519301348,134.2186280597288,67242.696875,68458.47236742223,66026.92138257776,652.5212053571429
2026-03-31 21:00:00+00:00,68192.359375,68309.3203125,67852.984375,68185.9765625,101736448,0.0,0.0,67255.296484375,67129.2615625,68342.6130859375,67497.77642333058,67279.21522874726,58.68014083321118,218.5611945833225,69.11717907107528,149.44401551224723,67255.296484375,68505.95912018849,66004.6338485615,658.5290178571429
2026-03-31 22:00:00+00:00,68219.96875,68231.4765625,67956.28125,68148.875,577847296,0.0,0.0,67265.297265625,67161.41984375,68326.530859375,67597.94543512588,67343.63447106228,65.36860828269985,254.31096406359575,106.15593606957938,148.15502799401636,67265.297265625,68542.23427959053,65988.36025165948,628.1283482142857
2026-03-31 23:00:00+00:00,68135.40625,68299.4375,68043.8828125,68211.078125,0,0.0,0.0,67293.298046875,67192.093125,68316.92828125,67692.27354126035,67407.88955653914,78.36445129610597,284.3839847212075,141.801545799905,142.58243892130253,67293.298046875,68629.05759005339,65957.53850369662,585.91796875
2026-04-01 00:00:00+00:00,68224.46875,68232.4765625,67823.25,68230.671875,0,0.0,0.0,67330.73046875,67240.64796875,68305.3553125,67775.10405414338,67468.83639494366,76.93730626937307,306.2676591997151,174.69476847986704,131.5728907198481,67330.73046875,68729.24344542058,65932.21749207942,589.3962053571429
2026-04-01 01:00:00+00:00,68245.1171875,68270.3046875,67744.7734375,67745.234375,0,0.0,0.0,67336.843359375,67276.09,68288.6640234375,67770.50871889055,67489.31031939227,64.81514014547858,281.1983994982729,195.99549468354823,85.20290481472469,67336.843359375,68741.78886897198,65931.897849778,585.7371651785714
2026-04-01 02:00:00+00:00,67733.984375,67843.6796875,67565.3984375,67588.2421875,1002680320,0.0,0.0,67343.441015625,67302.67421875,68271.323046875,67742.46771406123,67496.63860591876,62.542455314709166,245.8291081424686,205.9622173753323,39.86689076713631,67343.441015625,68751.98299914646,65934.89903210352,579.1060267857143
2026-04-01 03:00:00+00:00,67599.8046875,68151.8671875,67599.8046875,68083.9375,372232192,0.0,0.0,67381.8296875,67332.64609375,68258.4873828125,67795.00152728258,67540.14222770256,61.70012566469194,254.85929958002816,215.74163381627147,39.11766576375669,67381.8296875,68828.57355785967,65935.08581714032,569.0797991071429
2026-04-01 04:00:00+00:00,68097.21875,68294.9140625,68001.984375,68231.046875,0,0.0,0.0,67455.06171875,67356.4684375,68245.1042578125,67862.08542693141,67591.32034972458,75.5276477437445,270.76507720683003,226.7463224943832,44.01875471244682,67455.06171875,68918.81589653084,65991.30754096917,505.0502232142857
2026-04-01 05:00:00+00:00,68251.6484375,68650.8515625,68114.7265625,68399.7578125,316989440,0.0,0.0,67573.165234375,67382.33265625,68232.6580078125,67944.80425548043,67651.20460622647,75.71731385443168,293.59964925395616,240.1169878462978,53.482661407658355,67573.165234375,68932.8687327909,66213.4617359591,496.31640625
2026-04-01 06:00:00+00:00,68401.53125,69160.7578125,68401.53125,69125.265625,785043456,0.0,0.0,67714.710546875,67414.00015625,68224.488046875,68126.41369694498,67760.39431132081,74.72500773070637,366.0193856241676,265.2974674018718,100.72191822229581,67714.710546875,69102.987730173,66326.43336357699,462.89955357142856
2026-04-01 07:00:00+00:00,69079.140625,69204.46875,68651.3828125,68651.3828125,300101632,0.0,0.0,67815.36015625,67437.499375,68213.1453515625,68207.17817626114,67826.3934595563,67.3453273053818,380.7847167048312,288.3949172624637,92.38979944236752,67815.36015625,69166.46284707871,66464.25746542128,430.74776785714283
2026-04-01 08:00:00+00:00,68654.0,68809.0859375,68467.265625,68671.5390625,244490240,0.0,0.0,67918.080078125,67465.4425,68203.0315625,68278.61831260557,67888.99683755213,64.60113123311123,389.6214750534418,308.64022882065933,80.9812462327825,67918.080078125,69196.01487696997,66640.14527928003,423.1796875
2026-04-01 09:00:00+00:00,68636.90625,68690.46875,68368.171875,68618.8515625,0,0.0,0.0,67989.123828125,67487.77046875,68193.5993359375,68330.9618895124,67943.06015051123,63.11924413812874,387.90173900117225,324.49253085676196,63.409208144410286,67989.123828125,69256.43716742,66721.81048883,428.20479910714283
2026-04-01 10:00:00+00:00,68620.6328125,68629.75,68404.09375,68496.25,367706112,0.0,0.0,68086.312109375,67505.30234375,68183.8581640625,68356.39082958741,67984.03717639929,55.24768836472526,372.35365318812546,334.06475532303466,38.2888978650908,68086.312109375,69175.32204316226,66997.30217558773,414.0474330357143
2026-04-01 11:00:00+00:00,68539.9140625,68696.3515625,68488.0390625,68687.2265625,0,0.0,0.0,68185.89765625,67529.96734375,68174.675546875,68407.28863465089,68036.12527907341,57.93454495087904,371.16335557747516,341.4844753739228,29.678880203552353,68185.89765625,69087.5528846245,67284.2424278755,396.3314732142857
2026-04-01 12:00:00+00:00,68687.5546875,68687.5546875,68291.765625,68334.515625,610938880,0.0,0.0,68225.06796875,67547.88984375,68164.4665234375,68396.09278701228,68058.22826766057,52.67165273236701,337.864519351715,340.76048416948123,-2.8959648177662416,68225.06796875,69077.32319214355,67372.81274535644,404.9453125
2026-04-01 13:00:00+00:00,68346.671875,68558.5703125,67969.1171875,68154.0546875,26525696,0.0,0.0,68261.46796875,67558.91125,68153.934375,68358.85615631808,68065.32652098201,49.206359561850455,293.52963533607544,331.3143144028001,-37.784679066724664,68261.46796875,69027.89941932673,67495.03651817328,428.79520089285717
2026-04-01 14:00:00+00:00,68082.6953125,68607.71875,68054.28125,68581.8125,0,0.0,0.0,68304.55703125,67573.27546875,68144.25109375,68393.15713226915,68103.58474165,54.38850353845432,289.5723906191415,322.9659296460684,-33.393539026926874,68304.55703125,69039.05508430261,67570.0589781974,439.09598214285717
2026-04-01 15:00:00+00:00,68579.0390625,68915.3125,68426.890625,68915.3125,0,0.0,0.0,68362.28359375,67602.0153125,68132.17015625,68473.48872730466,68163.71272375,65.20075511529717,309.7760035546671,320.3279444277881,-10.551940873120998,68362.28359375,69098.31107095139,67626.25611654863,436.4453125
2026-04-01 16:00:00+00:00,68884.7578125,68923.234375,68617.0703125,68792.8515625,0,0.0,0.0,68392.694140625,67622.7159375,68121.55609375,68522.62147118087,68210.31560069443,65.79103682765967,312.3058704864379,318.7235296395181,-6.417659153080194,68392.694140625,69147.82868399713,67637.55959725287,438.4369419642857
2026-04-01 17:00:00+00:00,68801.203125,69104.828125,68238.046875,68238.046875,0,0.0,0.0,68395.29765625,67635.9075,68106.208125,68478.84076407613,68212.36976916151,51.98936637984937,266.47099491461995,308.2730226945385,-41.80202777991855,68395.29765625,69147.78572604287,67642.80958645712,460.09095982142856
2026-04-01 18:00:00+00:00,68238.0390625,68258.8828125,67981.9140625,68006.453125,228315136,0.0,0.0,68388.1765625,67650.5446875,68089.929609375,68406.16574267979,68197.1166844088,47.16265298065535,209.04905827098992,288.4282298098288,-79.37917153883888,68388.1765625,69153.07678255676,67623.27634244323,458.95089285714283
2026-04-01 19:00:00+00:00,68054.734375,68249.8125,68034.3984375,68152.3203125,1232896,0.0,0.0,68385.238671875,67679.0478125,68075.075,68367.11259957521,68193.79843463778,46.8559153106362,173.31416493743018,265.40541683534906,-92.09125189791888,68385.238671875,69153.44716010918,67617.03018364083,438.0390625
2026-04-01 20:00:00+00:00,68129.8046875,68226.4609375,67985.3671875,68173.234375,0,0.0,0.0,68382.366796875,67711.81234375,68061.261015625,68337.28518040979,68192.2751709609,35.26438493982896,145.010009448888,241.32633535805687,-96.31632590916885,68382.366796875,69153.43240409158,67611.3011896584,400.9029017857143
2026-04-01 21:00:00+00:00,68171.5,68485.8671875,68169.2421875,68421.5859375,0,0.0,0.0,68416.184375,67751.74875,68053.28203125,68350.25452765444,68209.2611536675,46.17622588528937,140.9933739869448,221.25974308383445,-80.26636909688966,68416.184375,69126.5294589202,67705.8392910798,384.01283482142856
2026-04-01 22:00:00+00:00,68375.8828125,68375.8828125,68075.5625,68104.0859375,0,0.0,0.0,68441.9765625,67781.65890625,68044.2677734375,68312.38243686144,68201.47039691434,41.40792088577647,110.9120399470994,199.19020245648747,-88.27816250938807,68441.9765625,69056.77915586035,67827.17396913965,384.3130580357143
2026-04-01 23:00:00+00:00,68109.8203125,68225.453125,67999.71875,68071.5625,0,0.0,0.0,68441.3578125,67807.8240625,68035.2467578125,68275.33321580585,68191.8475897355,41.66232245256475,83.48562607035274,176.04928717926055,-92.56366110890781,68441.3578125,69057.7005977136,67825.01502728641,377.41573660714283
2026-04-02 00:00:00+00:00,68095.265625,68633.1484375,68052.53125,68590.65625,0,0.0,0.0,68459.33828125,67844.84953125,68030.9351171875,68323.84445183571,68221.38897197731,51.28321121376234,102.45547985839949,161.33052571508833,-58.87504585668884,68459.33828125,69070.81034887928,67847.86621362073,402.7700892857143
2026-04-02 01:00:00+00:00,68588.5390625,68588.5390625,67099.5390625,67328.8203125,1548025856,0.0,0.0,68405.79140625,67857.58765625,68021.472890625,68170.76381501484,68155.27277497899,35.69910514541387,15.491040035849437,132.16262857924056,-116.67158854339112,68405.79140625,69199.60851551204,67611.97429698797,494.3989955357143
2026-04-02 02:00:00+00:00,67334.1875,67334.1875,66686.6796875,66880.640625,910004224,0.0,0.0,68293.56015625,67853.50453125,68008.7809375,67972.28332424333,68060.85557868425,34.995646144419,-88.57225444092182,88.0156519752081,-176.58790641612993,68293.56015625,69272.25061305192,67314.86969944807,512.37890625
2026-04-02 03:00:00+00:00,66862.453125,66937.0,66506.125,66570.546875,399069184,0.0,0.0,68189.518359375,67826.23578125,67995.14515625,67756.63156282128,67950.4623413743,34.08367400464559,-193.83077855301963,31.64636586956256,-225.47714442258217,68189.518359375,69418.46400099037,66960.57271775963,501.05189732142856
2026-04-02 04:00:00+00:00,66566.046875,66624.515625,66230.2421875,66318.2578125,313384960,0.0,0.0,68071.854296875,67793.62375,67976.51890625,67535.34329354108,67829.55830219842,26.416430479607598,-294.21500865733833,-33.52590903581762,-260.6890996215207,68071.854296875,69534.82427870076,66608.88431504923,489.6830357142857
2026-04-02 05:00:00+00:00,66311.9140625,66608.3984375,66308.21875,66595.1875,55910400,0.0,0.0,67970.67109375,67772.50625,67958.091640625,67390.7039406886,67738.1234279615,25.53868659312853,-347.41948727289855,-96.30462468323381,-251.11486258966474,67970.67109375,69549.67234738672,66391.66984011329,476.23716517857144
2026-04-02 06:00:00+00:00,66585.09375,66743.8515625,66543.484375,66641.453125,0,0.0,0.0,67877.93125,67755.69484375,67939.582109375,67275.43458442882,67656.8885907051,26.94720557729302,-381.4540062762826,-153.3345010018436,-228.119505274439,67877.93125,69542.51510534849,66213.3473946515,468.6802455357143
2026-04-02 07:00:00+00:00,66656.6328125,66915.609375,66544.8671875,66915.609375,0,0.0,0.0,67789.350390625,67741.5475,67921.50203125,67220.07685990131,67601.9790191714,34.92293660351007,-381.9021592700883,-199.04803265549253,-182.85412661459577,67789.350390625,69461.13861190685,66117.56216934315,433.24888392857144
2026-04-02 08:00:00+00:00,66908.1484375,66908.1484375,66445.2734375,66445.2734375,0,0.0,0.0,67694.88828125,67721.3271875,67899.3808203125,67100.87633337804,67516.29712423278,33.119958102092355,-415.4207908547396,-242.32258429534198,-173.09820655939762,67694.88828125,69448.47325530674,65941.30330719324,447.06082589285717
2026-04-02 09:00:00+00:00,66433.671875,66482.453125,66301.4765625,66420.6640625,182439936,0.0,0.0,67608.21875,67703.4171875,67877.97234375,66996.2282917045,67435.13911965997,30.772527125542595,-438.91082795547845,-281.6402330273693,-157.27059492810918,67608.21875,69436.02258946691,65780.41491053309,442.6049107142857
2026-04-02 10:00:00+00:00,66443.3046875,66466.609375,66225.1875,66438.7265625,382697472,0.0,0.0,67501.064453125,67696.86359375,67857.748125,66910.45879490381,67361.33078209257,30.728661230597766,-450.8719871887588,-315.4865838596472,-135.38540332911157,67501.064453125,69339.78849462578,65662.34041162422,442.6283482142857
